Gene1	Gene2	All Pairs MedianIC With Homology	All Pairs MedianIC Without Homology	 All Pairs MedianSimJ With Homology	 All Pairs MedianSimJ Without Homology 	 Best Pairs MedianIC With Homology	 Best Pairs MedianIC Without Homology	 Best Pairs MedianSimJ With Homology	 Best Pairs MedianSimJ Without Homology
ZFIN:ZDB-GENE-080808-7	NCBI_gene:783	0.19	0.19	0.412698412698	0.4	0.26	0.26	0.578343005309	0.52268907563
ZFIN:ZDB-GENE-990714-19	NCBI_gene:55714	0.16	0.16	0.585858585859	0.527777777778	0.16	0.16	0.671015712682	0.61045943304
ZFIN:ZDB-GENE-061026-3	NCBI_gene:60506	0.16	0.16	0.553191489362	0.461538461538	0.16	0.16	0.597108565194	0.504962779156
ZFIN:ZDB-GENE-050522-308	NCBI_gene:4990	0.16	0.16	0.41935483871	0.38048245614	0.22	0.2125	0.709968675143	0.664820075758
ZFIN:ZDB-GENE-041014-299	NCBI_gene:222546	0.16	0.16	0.311827956989	0.315172413793	0.1775	0.1775	0.374979338416	0.414786967419
ZFIN:ZDB-GENE-040426-1664	NCBI_gene:5146	0.16	0.16	0.373134328358	0.352941176471	0.205	0.205	0.714879017696	0.712740384615
ZFIN:ZDB-GENE-040426-1282	NCBI_gene:4990	0.16	0.16	0.55728678538	0.507142857143	0.195	0.195	0.72864339269	0.693571428571
ZFIN:ZDB-GENE-021120-2	NCBI_gene:2916	0.16	0.16	0.526595744681	0.454453441296	0.16	0.16	0.589291179328	0.514417729101
ZFIN:ZDB-GENE-001222-1	NCBI_gene:338917	0.16	0.16	0.449612403101	0.435897435897	0.205	0.205	0.565644307149	0.526806526807
ZFIN:ZDB-GENE-080723-7	NCBI_gene:4869	0.15	0.15	0.45652173913	0.411764705882	0.16	0.16	0.62448728466	0.580882352941
ZFIN:ZDB-GENE-040801-128	NCBI_gene:84930	0.15	0.15	0.22420212766	0.186965811966	0.22	0.22	0.444406402737	0.406803113966
ZFIN:ZDB-GENE-060503-526	NCBI_gene:11311	0.145	0.145	0.268656716418	0.222222222222	0.2675	0.2675	0.619402985075	0.592592592593
ZFIN:ZDB-GENE-980526-399	NCBI_gene:5083	0.14	0.14	0.288461538462	0.266666666667	0.225	0.195	0.541125541126	0.517399267399
ZFIN:ZDB-GENE-080204-54	NCBI_gene:3166	0.14	0.14	0.285714285714	0.25	0.23	0.23	0.658027812895	0.644827586207
ZFIN:ZDB-GENE-070705-181	NCBI_gene:26504	0.14	0.14	0.217391304348	0.192307692308	0.2	0.2	0.37496068999	0.354366429529
ZFIN:ZDB-GENE-060503-794	NCBI_gene:7399	0.14	0.14	0.152284263959	0.148148148148	0.235	0.235	0.277712812608	0.291816009558
ZFIN:ZDB-GENE-041001-86	NCBI_gene:8838	0.14	0.14	0.185307824381	0.189189189189	0.22	0.175	0.260791966671	0.261401098901
ZFIN:ZDB-GENE-040826-5	NCBI_gene:23169	0.14	0.14	0.255102040816	0.25	0.16	0.15	0.482456140351	0.462962962963
ZFIN:ZDB-GENE-030131-512	NCBI_gene:204	0.14	0.14	0.228866579369	0.194444444444	0.205	0.205	0.415960007242	0.402777777778
ZFIN:ZDB-GENE-030131-475	NCBI_gene:7050	0.14	0.14	0.315217391304	0.314285714286	0.15	0.15	0.573101653399	0.541758241758
ZFIN:ZDB-GENE-030131-2908	NCBI_gene:56603	0.14	0.14	0.247058823529	0.25	0.2	0.185	0.417948717949	0.412698412698
ZFIN:ZDB-GENE-011128-10	NCBI_gene:2780	0.14	0.14	0.3	0.28078817734	0.155	0.155	0.670078110296	0.63090034965
ZFIN:ZDB-GENE-990415-252	NCBI_gene:7026	0.13	0.13	0.307692307692	0.296296296296	0.235	0.185	0.616666666667	0.574519230769
ZFIN:ZDB-GENE-111017-2	NCBI_gene:64131	0.13	0.1	0.237288135593	0.227272727273	0.19	0.175	0.418220946915	0.389097744361
ZFIN:ZDB-GENE-041210-167	NCBI_gene:5318	0.13	0.13	0.430379746835	0.428571428571	0.19	0.19	0.6174277726	0.544154751892
ZFIN:ZDB-GENE-040629-3	NCBI_gene:860	0.13	0.13	0.318388564003	0.307692307692	0.16	0.16	0.474983755686	0.43956043956
ZFIN:ZDB-GENE-040426-933	NCBI_gene:23118	0.13	0.13	0.285714285714	0.285714285714	0.19	0.19	0.636363636364	0.671328671329
ZFIN:ZDB-GENE-030723-3	NCBI_gene:7042	0.13	0.08	0.238636363636	0.243902439024	0.21	0.21	0.355392156863	0.370098039216
ZFIN:ZDB-GENE-001103-1	NCBI_gene:6662	0.13	0.13	0.233333333333	0.227272727273	0.21	0.21	0.512980769231	0.467611336032
ZFIN:ZDB-GENE-000427-7	NCBI_gene:57057	0.13	0.13	0.275862068966	0.257536606374	0.185	0.1725	0.647916666667	0.600106837607
ZFIN:ZDB-GENE-000208-23	NCBI_gene:1302	0.13	0.13	0.228346456693	0.222222222222	0.1925	0.175	0.444008694009	0.410526315789
ZFIN:ZDB-GENE-000208-23	NCBI_gene:1302	0.13	0.13	0.228346456693	0.222222222222	0.1925	0.175	0.444008694009	0.410526315789
ZFIN:ZDB-GENE-000208-23	NCBI_gene:1302	0.13	0.13	0.228346456693	0.222222222222	0.1925	0.175	0.444008694009	0.410526315789
ZFIN:ZDB-GENE-000208-23	NCBI_gene:1302	0.13	0.13	0.228346456693	0.222222222222	0.1925	0.175	0.444008694009	0.410526315789
ZFIN:ZDB-GENE-000208-23	NCBI_gene:1302	0.13	0.13	0.228346456693	0.222222222222	0.1925	0.175	0.444008694009	0.410526315789
ZFIN:ZDB-GENE-030131-464	NCBI_gene:134430	0.125	0.12	0.264705882353	0.238095238095	0.1425	0.14	0.578376087277	0.542403846154
ZFIN:ZDB-GENE-040408-1	NCBI_gene:54880	0.12	0.08	0.2	0.194444444444	0.19	0.165	0.493153079901	0.483712121212
ZFIN:ZDB-GENE-000329-4	NCBI_gene:4853	0.1	0.1	0.227272727273	0.217391304348	0.21	0.2	0.421030972423	0.408065025253
ZFIN:ZDB-GENE-990415-238	NCBI_gene:30062	0.09	0.08	0.27208346025	0.25641025641	0.1675	0.1675	0.572232645403	0.575596816976
ZFIN:ZDB-GENE-990415-183	NCBI_gene:4851	0.09	0.08	0.193548387097	0.179979777553	0.1225	0.12	0.293384247332	0.286302294197
ZFIN:ZDB-GENE-980526-389	NCBI_gene:2657	0.09	0.08	0.184698996656	0.2	0.16	0.16	0.465091738642	0.468181818182
ZFIN:ZDB-GENE-980526-280	NCBI_gene:1747	0.09	0.08	0.188976377953	0.177777777778	0.135	0.1325	0.380957767722	0.376086956522
ZFIN:ZDB-GENE-070719-2	NCBI_gene:139285	0.09	0.08	0.266244725738	0.25	0.1575	0.1325	0.632894736842	0.624761904762
ZFIN:ZDB-GENE-061214-5	NCBI_gene:3784	0.09	0.09	0.255555555556	0.257352941176	0.135	0.135	0.336482405462	0.333003108003
ZFIN:ZDB-GENE-041229-4	NCBI_gene:5309	0.09	0.08	0.24	0.246212121212	0.185	0.18	0.532282282282	0.527777777778
ZFIN:ZDB-GENE-041114-92	NCBI_gene:91624	0.09	0.08	0.272727272727	0.246212121212	0.145	0.145	0.518338922626	0.472173913043
ZFIN:ZDB-GENE-040426-2236	NCBI_gene:79947	0.09	0.08	0.193556443556	0.172413793103	0.235	0.235	0.400718754157	0.381734308365
ZFIN:ZDB-GENE-030723-4	NCBI_gene:7043	0.09	0.08	0.224719101124	0.212121212121	0.205	0.205	0.444246594419	0.423611111111
ZFIN:ZDB-GENE-030131-2291	NCBI_gene:57545	0.09	0.08	0.161290322581	0.156862745098	0.2	0.2	0.441118421053	0.429029304029
ZFIN:ZDB-GENE-020419-3	NCBI_gene:26229	0.09	0.08	0.214285714286	0.208333333333	0.2	0.185	0.460155301058	0.425
ZFIN:ZDB-GENE-020129-1	NCBI_gene:775	0.09	0.09	0.183708316593	0.181818181818	0.265	0.26	0.689437065149	0.650359984843
ZFIN:ZDB-GENE-011128-7	NCBI_gene:3000	0.09	0.08	0.211340206186	0.193548387097	0.235	0.235	0.483451525346	0.476766190076
ZFIN:ZDB-GENE-011023-1	NCBI_gene:1462	0.09	0.08	0.186215753425	0.168238993711	0.135	0.13	0.236943493151	0.213749126485
ZFIN:ZDB-GENE-000920-1	NCBI_gene:1906	0.09	0.08	0.231414473684	0.225806451613	0.16	0.16	0.485853658537	0.473404255319
ZFIN:ZDB-GENE-990415-200	NCBI_gene:5080	0.08	0.08	0.147110215054	0.129664179104	0.125	0.1225	0.283575031526	0.253378378378
ZFIN:ZDB-GENE-980526-406	NCBI_gene:5015	0.08	0.08	0.214285714286	0.194444444444	0.12	0.115	0.316071428571	0.290909090909
ZFIN:ZDB-GENE-980526-178	NCBI_gene:2248	0.08	0.08	0.230769230769	0.210526315789	0.145	0.145	0.414350771531	0.382199754902
ZFIN:ZDB-GENE-090313-191	NCBI_gene:79955	0.08	0.08	0.14201183432	0.147603485839	0.195	0.185	0.330745341615	0.293603098291
ZFIN:ZDB-GENE-081105-56	NCBI_gene:7403	0.08	0.08	0.205607476636	0.194783197832	0.165	0.165	0.32659347154	0.325
ZFIN:ZDB-GENE-081104-199	NCBI_gene:54476	0.08	0.08	0.203749827037	0.193548387097	0.135	0.1325	0.485714285714	0.465
ZFIN:ZDB-GENE-070912-301	NCBI_gene:3786	0.08	0.08	0.391304347826	0.333333333333	0.18	0.18	0.508152173913	0.429824561404
ZFIN:ZDB-GENE-070410-80	NCBI_gene:11234	0.08	0.08	0.220588235294	0.204081632653	0.125	0.12	0.46588564692	0.491048741049
ZFIN:ZDB-GENE-070117-2062	NCBI_gene:10913	0.08	0.08	0.212549019608	0.24	0.18	0.18	0.427530364372	0.436813186813
ZFIN:ZDB-GENE-060217-1	NCBI_gene:9211	0.08	0.08	0.230769230769	0.212121212121	0.08	0.08	0.342857142857	0.3075
ZFIN:ZDB-GENE-050419-191	NCBI_gene:8092	0.08	0.08	0.22641509434	0.21875	0.1775	0.1725	0.496774973482	0.455263157895
ZFIN:ZDB-GENE-050119-2	NCBI_gene:4036	0.08	0.08	0.223684210526	0.214285714286	0.205	0.205	0.601798698814	0.592857142857
ZFIN:ZDB-GENE-040727-3	NCBI_gene:11285	0.08	0.08	0.257142857143	0.25	0.145	0.145	0.497607655502	0.448484848485
ZFIN:ZDB-GENE-040426-2823	NCBI_gene:10484	0.08	0.08	0.241935483871	0.257142857143	0.185	0.185	0.462623054501	0.466066961494
ZFIN:ZDB-GENE-040426-1495	NCBI_gene:9533	0.08	0.06	0.216803760282	0.206896551724	0.1825	0.1825	0.521761313221	0.527286967419
ZFIN:ZDB-GENE-040426-1474	NCBI_gene:5119	0.08	0.08	0.263157894737	0.243902439024	0.185	0.185	0.611607142857	0.595571095571
ZFIN:ZDB-GENE-030715-1	NCBI_gene:2255	0.08	0.08	0.190909090909	0.2	0.22	0.2	0.361233967271	0.372822299652
ZFIN:ZDB-GENE-030131-9710	NCBI_gene:10413	0.08	0.08	0.204313543599	0.192307692308	0.16	0.16	0.491477272727	0.484536662168
ZFIN:ZDB-GENE-030131-7393	NCBI_gene:2896	0.08	0.08	0.25	0.222222222222	0.15	0.15	0.546875	0.502415458937
ZFIN:ZDB-GENE-030131-6654	NCBI_gene:1200	0.08	0.08	0.207207207207	0.192044257113	0.15	0.15	0.514908008658	0.492567389006
ZFIN:ZDB-GENE-030131-3127	NCBI_gene:22856	0.08	0.08	0.192660550459	0.2	0.175	0.165	0.428985507246	0.437878787879
ZFIN:ZDB-GENE-030131-2281	NCBI_gene:1282	0.08	0.08	0.203845452889	0.181818181818	0.205	0.2	0.577791204314	0.533700980392
ZFIN:ZDB-GENE-011212-6	NCBI_gene:7020	0.08	0.08	0.221518987342	0.214285714286	0.2	0.18	0.53206291591	0.514705882353
ZFIN:ZDB-GENE-000926-1	NCBI_gene:220202	0.08	0.08	0.205479452055	0.181818181818	0.15	0.15	0.523701298701	0.495238095238
ZFIN:ZDB-GENE-030131-8078	NCBI_gene:23607	0.075	0.07	0.214460784314	0.192307692308	0.2125	0.21	0.428313078704	0.422981451173
ZFIN:ZDB-GENE-980526-321	NCBI_gene:1482	0.07	0.06	0.202702702703	0.194444444444	0.235	0.23	0.47192141565	0.464346349745
ZFIN:ZDB-GENE-090730-1	NCBI_gene:1954	0.07	0.06	0.16935483871	0.15625	0.16	0.135	0.333386837881	0.332293832294
ZFIN:ZDB-GENE-070508-4	NCBI_gene:2539	0.07	0.06	0.136363636364	0.12	0.17	0.17	0.20061075875	0.171568627451
ZFIN:ZDB-GENE-070112-2362	NCBI_gene:4607	0.07	0.04	0.233009708738	0.228571428571	0.14	0.125	0.5394957104	0.538888888889
ZFIN:ZDB-GENE-051031-1	NCBI_gene:3674	0.07	0.06	0.233783783784	0.227272727273	0.1575	0.155	0.576673585885	0.547667342799
ZFIN:ZDB-GENE-041010-119	NCBI_gene:8048	0.07	0.06	0.24	0.225806451613	0.17	0.17	0.558870967742	0.505032467532
ZFIN:ZDB-GENE-040625-27	NCBI_gene:5880	0.07	0.07	0.147540983607	0.125	0.1725	0.1725	0.524590163934	0.5
ZFIN:ZDB-GENE-030131-7098	NCBI_gene:7454	0.07	0.06	0.2100210021	0.175	0.23	0.225	0.590085127916	0.568981481481
ZFIN:ZDB-GENE-020509-1	NCBI_gene:284086	0.07	0.06	0.196078431373	0.216666666667	0.2175	0.2175	0.47817047817	0.48023872679
ZFIN:ZDB-GENE-991124-7	NCBI_gene:6910	0.06	0.06	0.205882352941	0.205882352941	0.21	0.21	0.576394194041	0.505792682927
ZFIN:ZDB-GENE-990715-9	NCBI_gene:6497	0.06	0.05	0.204819277108	0.193548387097	0.13	0.125	0.431919261033	0.393509127789
ZFIN:ZDB-GENE-091118-129	NCBI_gene:8328	0.06	0.06	0.19696969697	0.192307692308	0.15	0.145	0.434920634921	0.415019762846
ZFIN:ZDB-GENE-060110-1	NCBI_gene:26281	0.06	0.04	0.214285714286	0.231456043956	0.175	0.175	0.461616161616	0.454298418972
ZFIN:ZDB-GENE-030318-2	NCBI_gene:1121	0.06	0.06	0.238636363636	0.225806451613	0.205	0.205	0.607968881413	0.625957854406
ZFIN:ZDB-GENE-020503-4	NCBI_gene:3643	0.06	0.06	0.188524590164	0.178571428571	0.165	0.165	0.498188405797	0.449612403101
ZFIN:ZDB-GENE-010302-1	NCBI_gene:2296	0.06	0.04	0.186206896552	0.175438596491	0.17	0.17	0.440917661848	0.430769230769
ZFIN:ZDB-GENE-980528-2060	NCBI_gene:145258	0.055	0.055	0.202272727273	0.2	0.15	0.15	0.567857142857	0.562229102167
ZFIN:ZDB-GENE-991206-8	NCBI_gene:9241	0.05	0.04	0.182608695652	0.194444444444	0.135	0.1325	0.327465053007	0.364652888182
ZFIN:ZDB-GENE-980526-68	NCBI_gene:6774	0.05	0.04	0.211538461538	0.205128205128	0.13	0.13	0.437863096742	0.428977272727
ZFIN:ZDB-GENE-980526-44	NCBI_gene:8643	0.05	0.04	0.191489361702	0.181818181818	0.2	0.19	0.510160183066	0.497542997543
ZFIN:ZDB-GENE-980526-283	NCBI_gene:1959	0.05	0.05	0.179622641509	0.175109443402	0.145	0.1425	0.377502579979	0.368092691622
ZFIN:ZDB-GENE-980526-196	NCBI_gene:5727	0.05	0.04	0.202247191011	0.2	0.2075	0.2	0.539279869067	0.514285714286
ZFIN:ZDB-GENE-120709-73	NCBI_gene:79848	0.05	0.04	0.224299065421	0.217391304348	0.15	0.145	0.534563325814	0.533695652174
ZFIN:ZDB-GENE-090312-98	NCBI_gene:54790	0.05	0.05	0.189076464747	0.171080139373	0.14	0.135	0.40913689456	0.353174603175
ZFIN:ZDB-GENE-080613-2	NCBI_gene:63976	0.05	0.04	0.205505279035	0.193548387097	0.18	0.165	0.318079481494	0.319371879717
ZFIN:ZDB-GENE-080204-6	NCBI_gene:81031	0.05	0.04	0.203883495146	0.194444444444	0.175	0.165	0.471903669725	0.502392344498
ZFIN:ZDB-GENE-070705-171	NCBI_gene:129563	0.05	0.04	0.185615848407	0.171428571429	0.185	0.18	0.411835748792	0.406653225806
ZFIN:ZDB-GENE-070319-1	NCBI_gene:3516	0.05	0.04	0.182795698925	0.2	0.16	0.16	0.380582137161	0.357585139319
ZFIN:ZDB-GENE-070209-80	NCBI_gene:6926	0.05	0.04	0.164835164835	0.170212765957	0.125	0.125	0.376697521229	0.373717948718
ZFIN:ZDB-GENE-061110-16	NCBI_gene:729920	0.05	0.04	0.207920792079	0.194444444444	0.175	0.175	0.486111111111	0.436342592593
ZFIN:ZDB-GENE-060312-41	NCBI_gene:10083	0.05	0.05	0.152542372881	0.139534883721	0.16	0.16	0.348894348894	0.3125
ZFIN:ZDB-GENE-051113-60	NCBI_gene:6709	0.05	0.04	0.205479452055	0.192307692308	0.085	0.085	0.340833333333	0.330665024631
ZFIN:ZDB-GENE-050522-454	NCBI_gene:283989	0.05	0.04	0.25	0.230769230769	0.145	0.145	0.634990409207	0.61167184265
ZFIN:ZDB-GENE-050518-2	NCBI_gene:4041	0.05	0.04	0.196261682243	0.181818181818	0.125	0.12	0.416666666667	0.407894736842
ZFIN:ZDB-GENE-050506-61	NCBI_gene:7414	0.05	0.04	0.217820999367	0.209429824561	0.145	0.145	0.463367474916	0.399698340875
ZFIN:ZDB-GENE-050307-1	NCBI_gene:374654	0.05	0.04	0.16393442623	0.156862745098	0.1775	0.1775	0.34271978022	0.369949494949
ZFIN:ZDB-GENE-050114-2	NCBI_gene:4010	0.05	0.04	0.176470588235	0.181818181818	0.19	0.19	0.361111111111	0.364721485411
ZFIN:ZDB-GENE-041114-196	NCBI_gene:4604	0.05	0.04	0.15625	0.153846153846	0.1225	0.095	0.295828480373	0.281321619557
ZFIN:ZDB-GENE-041111-243	NCBI_gene:80184	0.05	0.04	0.203539823009	0.2	0.195	0.195	0.584707646177	0.569444444444
ZFIN:ZDB-GENE-040930-4	NCBI_gene:51082	0.05	0.04	0.217948717949	0.205882352941	0.175	0.175	0.45823798627	0.45
ZFIN:ZDB-GENE-040827-1	NCBI_gene:26160	0.05	0.04	0.176470588235	0.181818181818	0.21	0.2	0.461689814815	0.473076923077
ZFIN:ZDB-GENE-040718-463	NCBI_gene:5147	0.05	0.04	0.155555555556	0.153846153846	0.18	0.16	0.397233201581	0.383333333333
ZFIN:ZDB-GENE-040718-150	NCBI_gene:7353	0.05	0.04	0.225	0.217391304348	0.1925	0.1925	0.65602013163	0.643035714286
ZFIN:ZDB-GENE-040630-7	NCBI_gene:5449	0.05	0.04	0.253521126761	0.243243243243	0.15	0.15	0.526146918097	0.5
ZFIN:ZDB-GENE-040426-702	NCBI_gene:488	0.05	0.04	0.205479452055	0.2	0.105	0.0775	0.312953478446	0.30303030303
ZFIN:ZDB-GENE-040426-1663	NCBI_gene:10518	0.05	0.04	0.245901639344	0.227272727273	0.1175	0.1175	0.574603174603	0.538888888889
ZFIN:ZDB-GENE-040426-1244	NCBI_gene:57038	0.05	0.04	0.264705882353	0.241379310345	0.14	0.14	0.615595075239	0.583333333333
ZFIN:ZDB-GENE-040426-1083	NCBI_gene:129880	0.05	0.04	0.166666666667	0.161290322581	0.1875	0.175	0.366435506241	0.396901709402
ZFIN:ZDB-GENE-040406-1	NCBI_gene:2706	0.05	0.04	0.212121212121	0.190476190476	0.09	0.085	0.339393939394	0.345238095238
ZFIN:ZDB-GENE-030912-7	NCBI_gene:59341	0.05	0.04	0.246376811594	0.217391304348	0.105	0.1	0.423188405797	0.358695652174
ZFIN:ZDB-GENE-030901-2	NCBI_gene:4323	0.05	0.04	0.230780516432	0.25	0.1425	0.14	0.416310238563	0.432126207126
ZFIN:ZDB-GENE-030520-2	NCBI_gene:7140	0.05	0.04	0.162601626016	0.155555555556	0.12	0.115	0.307508709161	0.289683257919
ZFIN:ZDB-GENE-030131-8805	NCBI_gene:6916	0.05	0.04	0.167165668663	0.166666666667	0.13	0.13	0.280333641191	0.291812354312
ZFIN:ZDB-GENE-030131-73	NCBI_gene:7045	0.05	0.04	0.19801980198	0.179487179487	0.05	0.0425	0.265421618563	0.230434782609
ZFIN:ZDB-GENE-030131-5870	NCBI_gene:4627	0.05	0.04	0.169014084507	0.157894736842	0.2	0.2	0.464325217266	0.446607341491
ZFIN:ZDB-GENE-030131-3904	NCBI_gene:3636	0.05	0.03	0.170454545455	0.16	0.145	0.125	0.314677538918	0.305464480874
ZFIN:ZDB-GENE-030131-3684	NCBI_gene:6444	0.05	0.04	0.211009174312	0.202564102564	0.175	0.17	0.534762379528	0.527771598072
ZFIN:ZDB-GENE-020419-22	NCBI_gene:10262	0.05	0.04	0.228915662651	0.236842105263	0.15	0.15	0.533747412008	0.554166666667
ZFIN:ZDB-GENE-010102-1	NCBI_gene:1634	0.05	0.05	0.205607476636	0.194444444444	0.085	0.08	0.244695297912	0.239130434783
ZFIN:ZDB-GENE-001031-1	NCBI_gene:5080	0.05	0.04	0.169491525424	0.16	0.175	0.16	0.417874396135	0.443137254902
ZFIN:ZDB-GENE-000710-4	NCBI_gene:7546	0.05	0.04	0.216803760282	0.208333333333	0.1625	0.1625	0.447999557913	0.461538461538
ZFIN:ZDB-GENE-991207-22	NCBI_gene:3728	0.04	0.04	0.195652173913	0.2	0.1425	0.14	0.573633879781	0.56
ZFIN:ZDB-GENE-990415-234	NCBI_gene:5896	0.04	0.04	0.144511378849	0.133333333333	0.18	0.18	0.560855263158	0.548677248677
ZFIN:ZDB-GENE-980526-312	NCBI_gene:4487	0.04	0.04	0.230769230769	0.222222222222	0.135	0.135	0.367929983179	0.347023809524
ZFIN:ZDB-GENE-090313-216	NCBI_gene:80055	0.04	0.04	0.230769230769	0.19756097561	0.11	0.11	0.314736652237	0.306644460028
ZFIN:ZDB-GENE-050706-140	NCBI_gene:51010	0.04	0.04	0.264705882353	0.25641025641	0.1125	0.08	0.541935483871	0.5625
ZFIN:ZDB-GENE-050309-23	NCBI_gene:3655	0.04	0.03	0.239529546758	0.25	0.135	0.135	0.492537313433	0.509316770186
ZFIN:ZDB-GENE-040801-185	NCBI_gene:22931	0.04	0.04	0.208333333333	0.195652173913	0.175	0.165	0.609988776655	0.593189964158
ZFIN:ZDB-GENE-040426-1716	NCBI_gene:6223	0.04	0.04	0.189873417722	0.185185185185	0.195	0.185	0.546951219512	0.554347826087
ZFIN:ZDB-GENE-030131-5045	NCBI_gene:7555	0.04	0.04	0.178571428571	0.170731707317	0.14	0.135	0.39331797235	0.365299334812
ZFIN:ZDB-GENE-000906-1	NCBI_gene:6710	0.04	0.04	0.157894736842	0.138409961686	0.23	0.23	0.524013987871	0.500283575318
ZFIN:ZDB-GENE-991209-6	NCBI_gene:10371	0.03	0.02	0.206896551724	0.171428571429	0.085	0.0775	0.316474562798	0.297202797203
ZFIN:ZDB-GENE-990712-18	NCBI_gene:2138	0.03	0.02	0.191176470588	0.183673469388	0.185	0.185	0.488669704187	0.481456043956
ZFIN:ZDB-GENE-990706-8	NCBI_gene:2736	0.03	0.02	0.163043478261	0.159090909091	0.18	0.175	0.525846234584	0.508547008547
ZFIN:ZDB-GENE-990415-8	NCBI_gene:5076	0.03	0.02	0.202702702703	0.193548387097	0.195	0.195	0.549572649573	0.529130667482
ZFIN:ZDB-GENE-990415-5	NCBI_gene:3209	0.03	0.02	0.168	0.180652680653	0.175	0.1375	0.370483682984	0.38285470989
ZFIN:ZDB-GENE-990415-49	NCBI_gene:1749	0.03	0.02	0.107913669065	0.117647058824	0.15	0.145	0.233846400513	0.219806763285
ZFIN:ZDB-GENE-990415-267	NCBI_gene:2290	0.03	0.02	0.225946704067	0.214285714286	0.085	0.08	0.43659043659	0.439814814815
ZFIN:ZDB-GENE-990415-205	NCBI_gene:30813	0.03	0.02	0.194805194805	0.178571428571	0.06	0.055	0.521998834499	0.479166666667
ZFIN:ZDB-GENE-990415-122	NCBI_gene:3651	0.03	0.02	0.0442176870748	0.0527777777778	0.25	0.25	0.492424242424	0.583333333333
ZFIN:ZDB-GENE-980528-2059	NCBI_gene:652	0.03	0.02	0.174418604651	0.173913043478	0.15	0.1425	0.347394540943	0.337420178799
ZFIN:ZDB-GENE-980526-558	NCBI_gene:7490	0.03	0.02	0.17094017094	0.166666666667	0.18	0.17	0.495454545455	0.542105263158
ZFIN:ZDB-GENE-980526-481	NCBI_gene:3717	0.03	0.03	0.198958333333	0.180909090909	0.1325	0.1325	0.519107771027	0.488636363636
ZFIN:ZDB-GENE-980526-474	NCBI_gene:650	0.03	0.02	0.118279569892	0.125	0.155	0.14	0.270103473762	0.266499442586
ZFIN:ZDB-GENE-980526-326	NCBI_gene:2324	0.03	0.02	0.173076923077	0.166666666667	0.115	0.115	0.510177399508	0.472222222222
ZFIN:ZDB-GENE-980526-290	NCBI_gene:3211	0.03	0.02	0.168604651163	0.15625	0.085	0.08	0.301511876367	0.293398172709
ZFIN:ZDB-GENE-120117-1	NCBI_gene:6567	0.03	0.02	0.2	0.2	0.14	0.14	0.489087301587	0.496059431525
ZFIN:ZDB-GENE-101017-1	NCBI_gene:80208	0.03	0.03	0.151515151515	0.147058823529	0.1575	0.1575	0.352936422414	0.342549923195
ZFIN:ZDB-GENE-090814-1	NCBI_gene:6925	0.03	0.02	0.223880597015	0.25	0.14	0.135	0.466666666667	0.493181818182
ZFIN:ZDB-GENE-090610-1	NCBI_gene:658	0.03	0.02	0.116279069767	0.113636363636	0.165	0.15	0.262550881954	0.257294429708
ZFIN:ZDB-GENE-090507-4	NCBI_gene:7846	0.03	0.02	0.25	0.236842105263	0.15	0.15	0.459991708126	0.458132045089
ZFIN:ZDB-GENE-090313-46	NCBI_gene:51604	0.03	0.02	0.129171301446	0.119047619048	0.105	0.08	0.237451737452	0.232142857143
ZFIN:ZDB-GENE-081119-1	NCBI_gene:158326	0.03	0.02	0.206389452333	0.259259259259	0.15	0.15	0.363614163614	0.40233785822
ZFIN:ZDB-GENE-081105-16	NCBI_gene:5144	0.03	0.03	0.222222222222	0.229166666667	0.155	0.155	0.541666666667	0.529411764706
ZFIN:ZDB-GENE-081104-81	NCBI_gene:23322	0.03	0.02	0.176470588235	0.192307692308	0.1425	0.12	0.402704678363	0.454424564797
ZFIN:ZDB-GENE-081027-4	NCBI_gene:27241	0.03	0.02	0.148148148148	0.137931034483	0.18	0.155	0.34168797954	0.307692307692
ZFIN:ZDB-GENE-080716-1	NCBI_gene:91147	0.03	0.02	0.2	0.185185185185	0.1575	0.155	0.538888888889	0.538748832866
ZFIN:ZDB-GENE-080708-1	NCBI_gene:4282	0.03	0.02	0.173691215617	0.171428571429	0.1	0.095	0.313008130081	0.300625
ZFIN:ZDB-GENE-080204-34	NCBI_gene:3835	0.03	0.02	0.135483870968	0.142857142857	0.145	0.145	0.291708796764	0.280625
ZFIN:ZDB-GENE-070928-9	NCBI_gene:89891	0.03	0.02	0.152866242038	0.148148148148	0.185	0.185	0.396428571429	0.408333333333
ZFIN:ZDB-GENE-070725-1	NCBI_gene:51199	0.03	0.02	0.197368421053	0.183014354067	0.1575	0.1575	0.454290465632	0.410714285714
ZFIN:ZDB-GENE-070501-5	NCBI_gene:8557	0.03	0.02	0.186813186813	0.179487179487	0.19	0.19	0.489583333333	0.53875
ZFIN:ZDB-GENE-070412-4	NCBI_gene:79147	0.03	0.02	0.192307692308	0.192307692308	0.17	0.17	0.534185606061	0.525
ZFIN:ZDB-GENE-070410-96	NCBI_gene:2218	0.03	0.02	0.194747730146	0.1875	0.16	0.16	0.457590876693	0.429273504274
ZFIN:ZDB-GENE-070206-1	NCBI_gene:9378	0.03	0.02	0.234375	0.238095238095	0.1	0.08	0.325417933131	0.309803921569
ZFIN:ZDB-GENE-070130-1	NCBI_gene:190	0.03	0.02	0.174053295933	0.166666666667	0.08	0.075	0.353519668737	0.34440267335
ZFIN:ZDB-GENE-070117-2205	NCBI_gene:1639	0.03	0.02	0.146341463415	0.146341463415	0.12	0.12	0.484653930473	0.510606060606
ZFIN:ZDB-GENE-070112-1042	NCBI_gene:7428	0.03	0.03	0.175438596491	0.163636363636	0.21	0.21	0.571813616896	0.541520979021
ZFIN:ZDB-GENE-061215-37	NCBI_gene:3423	0.03	0.02	0.203883495146	0.205882352941	0.16	0.1525	0.421153846154	0.410240718074
ZFIN:ZDB-GENE-061214-6	NCBI_gene:2304	0.03	0.03	0.228571428571	0.219512195122	0.11	0.11	0.359636184857	0.352339181287
ZFIN:ZDB-GENE-061110-61	NCBI_gene:4952	0.03	0.02	0.180722891566	0.172413793103	0.1775	0.175	0.572727272727	0.549313929314
ZFIN:ZDB-GENE-061013-95	NCBI_gene:9759	0.03	0.02	0.232408102026	0.217391304348	0.2375	0.235	0.363144608727	0.366666666667
ZFIN:ZDB-GENE-061013-343	NCBI_gene:10161	0.03	0.02	0.203539823009	0.1875	0.13	0.13	0.3125	0.281746031746
ZFIN:ZDB-GENE-060929-1234	NCBI_gene:4867	0.03	0.02	0.152	0.137592968222	0.14	0.125	0.323310185185	0.28021978022
ZFIN:ZDB-GENE-060818-1	NCBI_gene:649	0.03	0.02	0.235294117647	0.25	0.18	0.1725	0.507102272727	0.501748251748
ZFIN:ZDB-GENE-060803-1	NCBI_gene:54806	0.03	0.02	0.202127659574	0.2	0.15	0.15	0.4375	0.458333333333
ZFIN:ZDB-GENE-060616-252	NCBI_gene:64220	0.03	0.02	0.213700234192	0.206622879037	0.1775	0.1775	0.497834050008	0.467716605876
ZFIN:ZDB-GENE-060526-68	NCBI_gene:80144	0.03	0.02	0.193548387097	0.235294117647	0.155	0.155	0.393559928444	0.388663967611
ZFIN:ZDB-GENE-060526-130	NCBI_gene:4054	0.03	0.02	0.180722891566	0.166666666667	0.115	0.11	0.285042395337	0.277173913043
ZFIN:ZDB-GENE-060510-3	NCBI_gene:675	0.03	0.03	0.198113207547	0.181818181818	0.17	0.165	0.498432601881	0.457070707071
ZFIN:ZDB-GENE-060503-355	NCBI_gene:79738	0.03	0.02	0.151515151515	0.142857142857	0.185	0.165	0.299942791762	0.307304590571
ZFIN:ZDB-GENE-060429-1	NCBI_gene:5424	0.03	0.02	0.230215827338	0.217391304348	0.1425	0.135	0.523065644033	0.5
ZFIN:ZDB-GENE-060125-1	NCBI_gene:9968	0.03	0.02	0.190476190476	0.185185185185	0.155	0.155	0.411131470454	0.462004662005
ZFIN:ZDB-GENE-051120-129	NCBI_gene:221421	0.03	0.02	0.277777777778	0.25	0.26	0.26	0.409992372235	0.407196969697
ZFIN:ZDB-GENE-050913-84	NCBI_gene:1785	0.03	0.02	0.193548387097	0.178571428571	0.165	0.165	0.404659498208	0.408333333333
ZFIN:ZDB-GENE-050913-156	NCBI_gene:157570	0.03	0.02	0.2	0.205128205128	0.185	0.1725	0.496520766907	0.504495504496
ZFIN:ZDB-GENE-050904-6	NCBI_gene:4351	0.03	0.02	0.127659574468	0.135135135135	0.13	0.105	0.401785714286	0.390243902439
ZFIN:ZDB-GENE-050809-44	NCBI_gene:29887	0.03	0.02	0.175182481752	0.169811320755	0.145	0.145	0.41250890948	0.386456908345
ZFIN:ZDB-GENE-050531-1	NCBI_gene:4629	0.03	0.02	0.185567010309	0.166666666667	0.13	0.115	0.258473227548	0.25
ZFIN:ZDB-GENE-050522-26	NCBI_gene:5831	0.03	0.02	0.264705882353	0.277777777778	0.15	0.15	0.528985507246	0.523529411765
ZFIN:ZDB-GENE-050522-242	NCBI_gene:84892	0.03	0.02	0.222222222222	0.217391304348	0.18	0.18	0.577777777778	0.557692307692
ZFIN:ZDB-GENE-050517-9	NCBI_gene:10058	0.03	0.03	0.252427184466	0.243243243243	0.12	0.115	0.468844668597	0.447497420021
ZFIN:ZDB-GENE-050107-4	NCBI_gene:10908	0.03	0.03	0.169064076219	0.169811320755	0.175	0.175	0.443576057949	0.5
ZFIN:ZDB-GENE-041212-9	NCBI_gene:11020	0.03	0.02	0.218181818182	0.230769230769	0.135	0.135	0.551948051948	0.541062801932
ZFIN:ZDB-GENE-041212-70	NCBI_gene:2053	0.03	0.02	0.180361445783	0.171428571429	0.095	0.09	0.410209221232	0.376623376623
ZFIN:ZDB-GENE-041212-47	NCBI_gene:9657	0.03	0.02	0.242424242424	0.227272727273	0.1225	0.1175	0.535864135864	0.479166666667
ZFIN:ZDB-GENE-041210-180	NCBI_gene:1811	0.03	0.03	0.047619047619	0.047619047619	0.2	0.2	0.22380952381	0.22380952381
ZFIN:ZDB-GENE-041210-125	NCBI_gene:23426	0.03	0.02	0.272727272727	0.263157894737	0.06	0.055	0.493506493506	0.488721804511
ZFIN:ZDB-GENE-041124-3	NCBI_gene:2132	0.03	0.03	0.201680672269	0.2	0.2	0.2	0.490269133521	0.471245421245
ZFIN:ZDB-GENE-041114-7	NCBI_gene:4976	0.03	0.02	0.211267605634	0.192307692308	0.1525	0.1525	0.448666308629	0.416666666667
ZFIN:ZDB-GENE-041014-367	NCBI_gene:51594	0.03	0.02	0.173469387755	0.172413793103	0.1	0.08	0.313420621931	0.321428571429
ZFIN:ZDB-GENE-041007-4	NCBI_gene:55505	0.03	0.02	0.180722891566	0.175	0.19	0.19	0.454234972678	0.435097930525
ZFIN:ZDB-GENE-041001-112	NCBI_gene:3791	0.03	0.02	0.241935483871	0.217391304348	0.105	0.1	0.4444971537	0.383695652174
ZFIN:ZDB-GENE-040901-7	NCBI_gene:4208	0.03	0.02	0.197368421053	0.190476190476	0.09	0.09	0.303583916084	0.315934065934
ZFIN:ZDB-GENE-040831-4	NCBI_gene:2733	0.03	0.02	0.194805194805	0.189189189189	0.16	0.16	0.436575052854	0.427083333333
ZFIN:ZDB-GENE-040823-3	NCBI_gene:9129	0.03	0.02	0.209677419355	0.192307692308	0.135	0.135	0.570746527778	0.56625
ZFIN:ZDB-GENE-040808-67	NCBI_gene:3845	0.03	0.02	0.212121212121	0.205882352941	0.165	0.165	0.544674525815	0.529803921569
ZFIN:ZDB-GENE-040724-172	NCBI_gene:5167	0.03	0.03	0.217391304348	0.2	0.11	0.105	0.403473945409	0.355882352941
ZFIN:ZDB-GENE-040724-10	NCBI_gene:9733	0.03	0.02	0.159843859474	0.149286987522	0.06	0.05	0.298344017094	0.292236568552
ZFIN:ZDB-GENE-040720-1	NCBI_gene:9150	0.03	0.02	0.206228038289	0.2	0.16	0.16	0.482954545455	0.486631016043
ZFIN:ZDB-GENE-040718-44	NCBI_gene:284654	0.03	0.02	0.257553426676	0.260869565217	0.075	0.065	0.29625	0.293384247332
ZFIN:ZDB-GENE-040718-190	NCBI_gene:6165	0.03	0.02	0.206000595593	0.208817829457	0.145	0.145	0.416394885852	0.457142857143
ZFIN:ZDB-GENE-040708-1	NCBI_gene:11107	0.03	0.02	0.217391304348	0.208333333333	0.16	0.16	0.463414634146	0.480769230769
ZFIN:ZDB-GENE-040624-5	NCBI_gene:10664	0.03	0.02	0.191332916145	0.192307692308	0.1325	0.1325	0.445779220779	0.463257575758
ZFIN:ZDB-GENE-040426-757	NCBI_gene:8195	0.03	0.02	0.148514851485	0.142857142857	0.175	0.16	0.296645772897	0.3
ZFIN:ZDB-GENE-040426-752	NCBI_gene:4751	0.03	0.02	0.197044866264	0.185185185185	0.15	0.15	0.561603557085	0.559285714286
ZFIN:ZDB-GENE-040426-2795	NCBI_gene:6102	0.03	0.02	0.151515151515	0.153010033445	0.1325	0.1325	0.385479296653	0.4037203959
ZFIN:ZDB-GENE-040426-2607	NCBI_gene:11235	0.03	0.02	0.283018867925	0.277777777778	0.13	0.13	0.453389830508	0.45
ZFIN:ZDB-GENE-040426-2338	NCBI_gene:161742	0.03	0.02	0.226251025431	0.209914320685	0.08	0.08	0.354368724733	0.33962684489
ZFIN:ZDB-GENE-040426-2132	NCBI_gene:4318	0.03	0.03	0.178217821782	0.176470588235	0.17	0.115	0.359038901602	0.340404357846
ZFIN:ZDB-GENE-040426-1934	NCBI_gene:1123	0.03	0.02	0.165048543689	0.162162162162	0.1725	0.1725	0.321177891029	0.294284344688
ZFIN:ZDB-GENE-040426-1662	NCBI_gene:6017	0.03	0.03	0.197368421053	0.175492610837	0.1	0.0975	0.502842631661	0.471382168459
ZFIN:ZDB-GENE-040426-1561	NCBI_gene:26121	0.03	0.02	0.220588235294	0.206896551724	0.135	0.135	0.545238095238	0.579090909091
ZFIN:ZDB-GENE-040426-1045	NCBI_gene:55120	0.03	0.02	0.197368421053	0.181818181818	0.125	0.12	0.398863636364	0.373514431239
ZFIN:ZDB-GENE-040116-2	NCBI_gene:5048	0.03	0.02	0.259745127436	0.238095238095	0.125	0.125	0.519713261649	0.505050505051
ZFIN:ZDB-GENE-030910-2	NCBI_gene:1813	0.03	0.03	0.261904761905	0.227272727273	0.08	0.08	0.322173913043	0.285135135135
ZFIN:ZDB-GENE-030805-2	NCBI_gene:5159	0.03	0.02	0.27619047619	0.285714285714	0.105	0.1	0.481845238095	0.486607142857
ZFIN:ZDB-GENE-030616-579	NCBI_gene:256297	0.03	0.02	0.173076923077	0.15625	0.12	0.12	0.271370345891	0.28
ZFIN:ZDB-GENE-030616-3	NCBI_gene:65217	0.03	0.02	0.211267605634	0.185185185185	0.115	0.11	0.491178912412	0.453703703704
ZFIN:ZDB-GENE-030605-1	NCBI_gene:6597	0.03	0.02	0.185185185185	0.184210526316	0.175	0.175	0.506266937669	0.489769820972
ZFIN:ZDB-GENE-030523-1	NCBI_gene:7134	0.03	0.02	0.189873417722	0.178571428571	0.145	0.145	0.537435137139	0.485480943739
ZFIN:ZDB-GENE-030327-7	NCBI_gene:57190	0.03	0.02	0.1875	0.178571428571	0.115	0.1125	0.428944742524	0.416666666667
ZFIN:ZDB-GENE-030219-90	NCBI_gene:55212	0.03	0.02	0.145631067961	0.142857142857	0.175	0.145	0.366666666667	0.353076923077
ZFIN:ZDB-GENE-030219-146	NCBI_gene:168667	0.03	0.02	0.214285714286	0.212121212121	0.1175	0.115	0.345653058457	0.358123569794
ZFIN:ZDB-GENE-030131-9875	NCBI_gene:10324	0.03	0.02	0.205479452055	0.185185185185	0.12	0.115	0.510416666667	0.458333333333
ZFIN:ZDB-GENE-030131-9732	NCBI_gene:338	0.03	0.03	0.203598484848	0.192307692308	0.175	0.165	0.535523504274	0.5127133403
ZFIN:ZDB-GENE-030131-945	NCBI_gene:54585	0.03	0.02	0.263157894737	0.238095238095	0.06	0.055	0.540669856459	0.494047619048
ZFIN:ZDB-GENE-030131-9123	NCBI_gene:4313	0.03	0.02	0.208333333333	0.2	0.15	0.14	0.538218923933	0.523966165414
ZFIN:ZDB-GENE-030131-9102	NCBI_gene:1277	0.03	0.02	0.227272727273	0.259259259259	0.175	0.115	0.476351351351	0.472727272727
ZFIN:ZDB-GENE-030131-7864	NCBI_gene:9723	0.03	0.02	0.219512195122	0.205882352941	0.195	0.18	0.452994227994	0.417113095238
ZFIN:ZDB-GENE-030131-6960	NCBI_gene:4998	0.03	0.02	0.164320154291	0.178571428571	0.175	0.16	0.604128856624	0.583838575218
ZFIN:ZDB-GENE-030131-651	NCBI_gene:148738	0.03	0.02	0.147058823529	0.128205128205	0.0875	0.07	0.293800658561	0.276091081594
ZFIN:ZDB-GENE-030131-574	NCBI_gene:8100	0.03	0.02	0.152768998882	0.148148148148	0.1575	0.155	0.392799893134	0.390096618357
ZFIN:ZDB-GENE-030131-555	NCBI_gene:889	0.03	0.02	0.220588235294	0.214285714286	0.16	0.16	0.47706043956	0.444747474747
ZFIN:ZDB-GENE-030131-5509	NCBI_gene:284119	0.03	0.02	0.264363354037	0.246951219512	0.085	0.085	0.462975098296	0.460600375235
ZFIN:ZDB-GENE-030131-5408	NCBI_gene:7415	0.03	0.02	0.194805194805	0.184210526316	0.13	0.13	0.390252454418	0.378968253968
ZFIN:ZDB-GENE-030131-5143	NCBI_gene:9128	0.03	0.02	0.226666666667	0.208333333333	0.1075	0.1025	0.645903479237	0.6171875
ZFIN:ZDB-GENE-030131-4714	NCBI_gene:79158	0.03	0.03	0.184210526316	0.177777777778	0.205	0.175	0.475206024439	0.431664576366
ZFIN:ZDB-GENE-030131-3813	NCBI_gene:54903	0.03	0.02	0.196721311475	0.185185185185	0.175	0.16	0.400369623656	0.388221153846
ZFIN:ZDB-GENE-030131-3232	NCBI_gene:10013	0.03	0.02	0.233766233766	0.222222222222	0.085	0.08	0.316681922197	0.314570249152
ZFIN:ZDB-GENE-030131-3205	NCBI_gene:29914	0.03	0.02	0.191489361702	0.181818181818	0.06	0.05	0.263447079237	0.25
ZFIN:ZDB-GENE-030131-2513	NCBI_gene:8635	0.03	0.03	0.211764705882	0.181818181818	0.08	0.08	0.48048048048	0.457589285714
ZFIN:ZDB-GENE-030131-2207	NCBI_gene:55906	0.03	0.02	0.187969924812	0.194444444444	0.165	0.165	0.47816091954	0.55
ZFIN:ZDB-GENE-030131-1280	NCBI_gene:5295	0.03	0.02	0.230769230769	0.222222222222	0.085	0.08	0.340384615385	0.325396825397
ZFIN:ZDB-GENE-030131-102	NCBI_gene:1490	0.03	0.02	0.192	0.208333333333	0.1475	0.1475	0.359334002161	0.405769230769
ZFIN:ZDB-GENE-030128-4	NCBI_gene:4088	0.03	0.02	0.220126330363	0.227272727273	0.1275	0.1275	0.477739350022	0.502673796791
ZFIN:ZDB-GENE-030127-1	NCBI_gene:579	0.03	0.02	0.155636265806	0.150684931507	0.14	0.14	0.251215425281	0.249206349206
ZFIN:ZDB-GENE-021226-1	NCBI_gene:3912	0.03	0.02	0.214285714286	0.205882352941	0.175	0.17	0.619047619048	0.632352941176
ZFIN:ZDB-GENE-021223-2	NCBI_gene:4160	0.03	0.03	0.0714285714286	0.0909090909091	0.075	0.075	0.663636363636	0.6125
ZFIN:ZDB-GENE-020731-6	NCBI_gene:2332	0.03	0.02	0.21165158371	0.193548387097	0.1575	0.1575	0.55625	0.511111111111
ZFIN:ZDB-GENE-020426-1	NCBI_gene:3832	0.03	0.02	0.25	0.25	0.155	0.155	0.598817204301	0.632102272727
ZFIN:ZDB-GENE-020424-3	NCBI_gene:4000	0.03	0.02	0.171428571429	0.166666666667	0.21	0.21	0.455654101996	0.446115288221
ZFIN:ZDB-GENE-020108-2	NCBI_gene:6261	0.03	0.02	0.159090909091	0.147058823529	0.25	0.245	0.567640692641	0.558377896613
ZFIN:ZDB-GENE-010803-2	NCBI_gene:81848	0.03	0.02	0.174035173425	0.153846153846	0.115	0.1075	0.343108414988	0.326345512107
ZFIN:ZDB-GENE-010131-8	NCBI_gene:1509	0.03	0.02	0.237288135593	0.238095238095	0.12	0.095	0.43529040404	0.42803030303
ZFIN:ZDB-GENE-001030-3	NCBI_gene:7849	0.03	0.02	0.159737170046	0.15625	0.1075	0.1075	0.309368025969	0.311607142857
ZFIN:ZDB-GENE-000626-1	NCBI_gene:7139	0.03	0.02	0.194444444444	0.184210526316	0.18	0.165	0.502747252747	0.463736263736
ZFIN:ZDB-GENE-000412-1	NCBI_gene:627	0.03	0.02	0.166666666667	0.171428571429	0.15	0.12	0.528273809524	0.463736263736
ZFIN:ZDB-GENE-000210-23	NCBI_gene:4212	0.03	0.02	0.227272727273	0.208333333333	0.165	0.165	0.625366568915	0.611413043478
ZFIN:ZDB-GENE-060607-11	NCBI_gene:2034	0.025	0.025	0.125925925926	0.12	0.1	0.1	0.375592105263	0.346428571429
ZFIN:ZDB-GENE-991119-4	NCBI_gene:5663	0.02	0.02	0.206896551724	0.202564102564	0.15	0.15	0.476699329009	0.465643274854
ZFIN:ZDB-GENE-991110-14	NCBI_gene:4602	0.02	0.02	0.218181818182	0.2	0.1125	0.1125	0.472222222222	0.472222222222
ZFIN:ZDB-GENE-991105-4	NCBI_gene:2697	0.02	0.02	0.138888888889	0.161290322581	0.165	0.165	0.34375	0.407342657343
ZFIN:ZDB-GENE-990714-15	NCBI_gene:1786	0.02	0.02	0.178571428571	0.162162162162	0.11	0.11	0.317937853107	0.315018315018
ZFIN:ZDB-GENE-990603-8	NCBI_gene:4089	0.02	0.02	0.217391304348	0.25	0.0725	0.0675	0.475013290803	0.457967836257
ZFIN:ZDB-GENE-990415-82	NCBI_gene:2625	0.02	0.02	0.161290322581	0.151515151515	0.115	0.11	0.283604336043	0.290404040404
ZFIN:ZDB-GENE-990415-72	NCBI_gene:2253	0.02	0.02	0.188976377953	0.179487179487	0.125	0.125	0.489389920424	0.474012474012
ZFIN:ZDB-GENE-990415-277	NCBI_gene:8456	0.02	0.02	0.197368421053	0.19512195122	0.08	0.08	0.330679933665	0.297894736842
ZFIN:ZDB-GENE-990415-270	NCBI_gene:7157	0.02	0.02	0.189873417722	0.1875	0.14	0.14	0.559595959596	0.552777777778
ZFIN:ZDB-GENE-990415-181	NCBI_gene:4838	0.02	0.02	0.217391304348	0.217391304348	0.105	0.105	0.37003968254	0.395652173913
ZFIN:ZDB-GENE-990415-15	NCBI_gene:170302	0.02	0.02	0.160377358491	0.150943396226	0.15	0.15	0.38796910097	0.350811688312
ZFIN:ZDB-GENE-990415-131	NCBI_gene:3064	0.02	0.02	0.2	0.181818181818	0.1	0.1	0.468944099379	0.4625
ZFIN:ZDB-GENE-980605-16	NCBI_gene:3955	0.02	0.02	0.16	0.163265306122	0.0875	0.0875	0.28766025641	0.335125448029
ZFIN:ZDB-GENE-980526-526	NCBI_gene:7471	0.02	0.02	0.219512195122	0.206896551724	0.085	0.085	0.366600298656	0.332750582751
ZFIN:ZDB-GENE-980526-515	NCBI_gene:9935	0.02	0.02	0.143835616438	0.135135135135	0.12	0.1175	0.331687084507	0.331752136752
ZFIN:ZDB-GENE-980526-501	NCBI_gene:6886	0.02	0.02	0.230769230769	0.206896551724	0.11	0.105	0.364624505929	0.354285714286
ZFIN:ZDB-GENE-980526-440	NCBI_gene:865	0.02	0.02	0.1875	0.178571428571	0.07	0.06	0.381318681319	0.341071428571
ZFIN:ZDB-GENE-980526-362	NCBI_gene:1499	0.02	0.02	0.216494845361	0.238095238095	0.1075	0.1075	0.492442810458	0.484848484848
ZFIN:ZDB-GENE-980526-352	NCBI_gene:54361	0.02	0.02	0.145460199005	0.135135135135	0.0825	0.0825	0.215578111209	0.191507177033
ZFIN:ZDB-GENE-980526-333	NCBI_gene:6658	0.02	0.02	0.194805194805	0.175438596491	0.075	0.075	0.340816326531	0.311904761905
ZFIN:ZDB-GENE-980526-307	NCBI_gene:5979	0.02	0.02	0.168539325843	0.166666666667	0.175	0.135	0.344324797314	0.324675324675
ZFIN:ZDB-GENE-980526-260	NCBI_gene:2624	0.02	0.02	0.181818181818	0.181818181818	0.135	0.13	0.38057695394	0.389227642276
ZFIN:ZDB-GENE-980526-255	NCBI_gene:2260	0.02	0.02	0.146341463415	0.16	0.21	0.21	0.270797962649	0.324444444444
ZFIN:ZDB-GENE-980526-166	NCBI_gene:6469	0.02	0.02	0.183673469388	0.181818181818	0.155	0.155	0.519230769231	0.508547008547
ZFIN:ZDB-GENE-980526-137	NCBI_gene:1134	0.02	0.02	0.157894736842	0.151515151515	0.15	0.15	0.405303030303	0.409937888199
ZFIN:ZDB-GENE-980526-125	NCBI_gene:84667	0.02	0.02	0.10752688172	0.139534883721	0.1175	0.1175	0.286206896552	0.330010632642
ZFIN:ZDB-GENE-110524-4	NCBI_gene:7253	0.02	0.02	0.266666666667	0.294117647059	0.085	0.08	0.442857142857	0.466666666667
ZFIN:ZDB-GENE-091204-117	NCBI_gene:27031	0.02	0.02	0.1849002849	0.185185185185	0.185	0.17	0.592717717718	0.608424188641
ZFIN:ZDB-GENE-090421-2	NCBI_gene:5158	0.02	0.02	0.152334152334	0.144345238095	0.14	0.14	0.201167076167	0.183283730159
ZFIN:ZDB-GENE-090109-2	NCBI_gene:11141	0.02	0.02	0.174418604651	0.161290322581	0.11	0.11	0.457957957958	0.448448448448
ZFIN:ZDB-GENE-081119-4	NCBI_gene:341640	0.02	0.02	0.173913043478	0.181818181818	0.14	0.125	0.343596059113	0.403162055336
ZFIN:ZDB-GENE-081105-44	NCBI_gene:9927	0.02	0.02	0.161290322581	0.151515151515	0.17	0.17	0.474537037037	0.429975429975
ZFIN:ZDB-GENE-081030-4	NCBI_gene:3913	0.02	0.02	0.1875	0.172413793103	0.12	0.11	0.363935969868	0.354166666667
ZFIN:ZDB-GENE-081015-2	NCBI_gene:6103	0.02	0.02	0.166666666667	0.178571428571	0.145	0.1425	0.428179613596	0.447891363023
ZFIN:ZDB-GENE-080717-1	NCBI_gene:9839	0.02	0.02	0.129011608057	0.125	0.175	0.175	0.334908841159	0.348237367803
ZFIN:ZDB-GENE-080506-1	NCBI_gene:84466	0.02	0.02	0.157894736842	0.175191815857	0.1525	0.1525	0.408595938375	0.429015721121
ZFIN:ZDB-GENE-080405-1	NCBI_gene:7015	0.02	0.02	0.185185185185	0.179487179487	0.17	0.17	0.5	0.488095238095
ZFIN:ZDB-GENE-080104-1	NCBI_gene:3953	0.02	0.02	0.186813186813	0.178571428571	0.09	0.09	0.348557692308	0.340714285714
ZFIN:ZDB-GENE-080103-2	NCBI_gene:5618	0.02	0.02	0.165048543689	0.166666666667	0.0525	0.05	0.19586716042	0.185515873016
ZFIN:ZDB-GENE-080102-2	NCBI_gene:1103	0.02	0.02	0.16	0.151515151515	0.1025	0.1025	0.469178082192	0.538888888889
ZFIN:ZDB-GENE-071218-6	NCBI_gene:120892	0.02	0.02	0.206896551724	0.2	0.1275	0.1275	0.607258064516	0.545454545455
ZFIN:ZDB-GENE-070922-1	NCBI_gene:1950	0.02	0.02	0.126436781609	0.119047619048	0.025	0.025	0.265384615385	0.227732793522
ZFIN:ZDB-GENE-070912-112	NCBI_gene:57709	0.02	0.02	0.205479452055	0.208333333333	0.14	0.14	0.535714285714	0.576090116279
ZFIN:ZDB-GENE-070828-1	NCBI_gene:1584	0.02	0.02	0.235294117647	0.217391304348	0.06	0.06	0.320349761526	0.283695652174
ZFIN:ZDB-GENE-070501-10	NCBI_gene:3679	0.02	0.02	0.1538647343	0.151515151515	0.09	0.075	0.45703125	0.463235294118
ZFIN:ZDB-GENE-070501-1	NCBI_gene:8291	0.02	0.02	0.137254901961	0.144345238095	0.105	0.105	0.401534526854	0.37037037037
ZFIN:ZDB-GENE-070423-1	NCBI_gene:2673	0.02	0.02	0.133038348083	0.126039304611	0.1225	0.115	0.324344433719	0.313548817696
ZFIN:ZDB-GENE-070410-38	NCBI_gene:375298	0.02	0.02	0.188089622642	0.1875	0.1625	0.1625	0.505393696497	0.572272727273
ZFIN:ZDB-GENE-070117-1989	NCBI_gene:26128	0.02	0.02	0.196261682243	0.185185185185	0.08	0.08	0.350378787879	0.347058823529
ZFIN:ZDB-GENE-070112-1002	NCBI_gene:29954	0.02	0.02	0.138888888889	0.147058823529	0.135	0.135	0.358333333333	0.408292682927
ZFIN:ZDB-GENE-061108-1	NCBI_gene:79068	0.02	0.02	0.148616400102	0.145833333333	0.15	0.1475	0.371008067737	0.378161055793
ZFIN:ZDB-GENE-060929-966	NCBI_gene:10585	0.02	0.02	0.138888888889	0.16	0.1325	0.1325	0.323512396694	0.381818181818
ZFIN:ZDB-GENE-060825-45	NCBI_gene:538	0.02	0.02	0.206896551724	0.2	0.145	0.1425	0.454775722998	0.440505890506
ZFIN:ZDB-GENE-060810-94	NCBI_gene:8242	0.02	0.02	0.230769230769	0.217391304348	0.07	0.065	0.45671641791	0.395833333333
ZFIN:ZDB-GENE-060526-97	NCBI_gene:90678	0.02	0.02	0.189873417722	0.189189189189	0.1	0.08	0.367766203704	0.341666666667
ZFIN:ZDB-GENE-060503-723	NCBI_gene:55036	0.02	0.02	0.1875	0.192307692308	0.16	0.135	0.391275611368	0.384615384615
ZFIN:ZDB-GENE-060503-499	NCBI_gene:9149	0.02	0.02	0.102272727273	0.0909090909091	0.105	0.105	0.333333333333	0.341666666667
ZFIN:ZDB-GENE-060307-1	NCBI_gene:79868	0.02	0.02	0.189832689833	0.217391304348	0.105	0.105	0.538888888889	0.552183014354
ZFIN:ZDB-GENE-060126-2	NCBI_gene:585	0.02	0.02	0.128571428571	0.125	0.18	0.1625	0.31043956044	0.329032258065
ZFIN:ZDB-GENE-060126-1	NCBI_gene:582	0.02	0.02	0.133333333333	0.133333333333	0.17	0.145	0.315316405562	0.337365591398
ZFIN:ZDB-GENE-051120-90	NCBI_gene:5498	0.02	0.02	0.205479452055	0.190476190476	0.07	0.06	0.361663086287	0.385964912281
ZFIN:ZDB-GENE-051102-1	NCBI_gene:4868	0.02	0.02	0.16393442623	0.166666666667	0.155	0.155	0.364414869721	0.344696969697
ZFIN:ZDB-GENE-050913-68	NCBI_gene:25793	0.02	0.02	0.212121212121	0.192307692308	0.09	0.0825	0.397250147842	0.355357142857
ZFIN:ZDB-GENE-050506-106	NCBI_gene:51124	0.02	0.02	0.180722891566	0.162162162162	0.04	0.04	0.350340136054	0.333333333333
ZFIN:ZDB-GENE-050419-256	NCBI_gene:1106	0.02	0.02	0.157894736842	0.142857142857	0.085	0.08	0.223529411765	0.242857142857
ZFIN:ZDB-GENE-050417-26	NCBI_gene:767	0.02	0.02	0.21686746988	0.218451749735	0.085	0.0825	0.386217948718	0.390598290598
ZFIN:ZDB-GENE-050327-99	NCBI_gene:23321	0.02	0.02	0.211435378201	0.175492610837	0.06	0.06	0.320900076278	0.304112554113
ZFIN:ZDB-GENE-050327-93	NCBI_gene:2070	0.02	0.02	0.158878504673	0.145833333333	0.195	0.195	0.409102275569	0.357843137255
ZFIN:ZDB-GENE-050327-73	NCBI_gene:26276	0.02	0.02	0.176991150442	0.179487179487	0.19	0.19	0.446260107817	0.449561403509
ZFIN:ZDB-GENE-050320-85	NCBI_gene:1629	0.02	0.02	0.1021567718	0.09375	0.105	0.1	0.458333333333	0.550505050505
ZFIN:ZDB-GENE-050309-187	NCBI_gene:119559	0.02	0.02	0.16	0.135135135135	0.155	0.155	0.49375	0.456233421751
ZFIN:ZDB-GENE-050302-100	NCBI_gene:57674	0.02	0.02	0.284523809524	0.25462962963	0.1425	0.1425	0.504672507301	0.465625
ZFIN:ZDB-GENE-050208-97	NCBI_gene:51151	0.02	0.02	0.1875	0.181818181818	0.155	0.155	0.520078818575	0.494444444444
ZFIN:ZDB-GENE-050107-1	NCBI_gene:2065	0.02	0.02	0.172413793103	0.176470588235	0.1	0.095	0.322857142857	0.306666666667
ZFIN:ZDB-GENE-041210-165	NCBI_gene:11081	0.02	0.015	0.201727642276	0.186342592593	0.035	0.0275	0.301960784314	0.287990196078
ZFIN:ZDB-GENE-041114-11	NCBI_gene:78989	0.02	0.02	0.179487179487	0.162790697674	0.1275	0.1275	0.345663265306	0.314692982456
ZFIN:ZDB-GENE-041111-216	NCBI_gene:4703	0.02	0.02	0.222222222222	0.227272727273	0.14	0.14	0.585365853659	0.578125
ZFIN:ZDB-GENE-041108-2	NCBI_gene:6834	0.02	0.02	0.173623188406	0.16	0.125	0.12	0.445779220779	0.438179974184
ZFIN:ZDB-GENE-041020-1	NCBI_gene:7092	0.02	0.02	0.145993179881	0.161290322581	0.05	0.04	0.236929949846	0.268311790051
ZFIN:ZDB-GENE-040827-2	NCBI_gene:23639	0.02	0.02	0.181818181818	0.173913043478	0.165	0.14	0.434931506849	0.396216216216
ZFIN:ZDB-GENE-040808-32	NCBI_gene:1145	0.02	0.02	0.211538461538	0.181818181818	0.185	0.185	0.605769230769	0.590909090909
ZFIN:ZDB-GENE-040801-40	NCBI_gene:9531	0.02	0.02	0.207614942529	0.208333333333	0.165	0.16	0.492948717949	0.561111111111
ZFIN:ZDB-GENE-040801-248	NCBI_gene:246329	0.02	0.02	0.0833333333333	0.0857142857143	0.175	0.17	0.315258101286	0.282738095238
ZFIN:ZDB-GENE-040801-106	NCBI_gene:2743	0.02	0.02	0.173913043478	0.155555555556	0.125	0.12	0.464285714286	0.47972972973
ZFIN:ZDB-GENE-040724-82	NCBI_gene:9439	0.02	0.02	0.247194719472	0.243421052632	0.0225	0.0225	0.469516092108	0.460069444444
ZFIN:ZDB-GENE-040718-328	NCBI_gene:11231	0.02	0.02	0.166666666667	0.174442190669	0.095	0.095	0.412878787879	0.375
ZFIN:ZDB-GENE-040712-6	NCBI_gene:83605	0.02	0.02	0.244897959184	0.235294117647	0.11	0.105	0.400952380952	0.361818181818
ZFIN:ZDB-GENE-040704-64	NCBI_gene:5654	0.02	0.02	0.208127062706	0.210526315789	0.045	0.0425	0.387820512821	0.377403846154
ZFIN:ZDB-GENE-040704-35	NCBI_gene:95681	0.02	0.02	0.178571428571	0.178571428571	0.155	0.15	0.426621621622	0.415384615385
ZFIN:ZDB-GENE-040625-147	NCBI_gene:6135	0.02	0.02	0.178571428571	0.172413793103	0.155	0.155	0.442789968652	0.454166666667
ZFIN:ZDB-GENE-040623-3	NCBI_gene:51339	0.02	0.02	0.259259259259	0.277777777778	0.12	0.115	0.646481092437	0.64978403949
ZFIN:ZDB-GENE-040520-1	NCBI_gene:63894	0.02	0.02	0.118929750118	0.129032258065	0.27	0.27	0.259698275862	0.286666666667
ZFIN:ZDB-GENE-040426-838	NCBI_gene:9897	0.02	0.02	0.157894736842	0.166666666667	0.16	0.16	0.414715719064	0.444168734491
ZFIN:ZDB-GENE-040426-836	NCBI_gene:7283	0.02	0.02	0.208333333333	0.206896551724	0.105	0.09	0.519230769231	0.527777777778
ZFIN:ZDB-GENE-040426-2656	NCBI_gene:1644	0.02	0.02	0.196417636252	0.189189189189	0.09	0.0825	0.469402439312	0.433862433862
ZFIN:ZDB-GENE-040426-2466	NCBI_gene:84916	0.02	0.02	0.174418604651	0.1875	0.215	0.215	0.474977976778	0.479358974359
ZFIN:ZDB-GENE-040426-2185	NCBI_gene:7170	0.02	0.02	0.2102014295	0.2	0.16	0.135	0.493674889311	0.449240890688
ZFIN:ZDB-GENE-040426-2009	NCBI_gene:7317	0.02	0.02	0.149257425743	0.142857142857	0.12	0.12	0.496503712871	0.462732919255
ZFIN:ZDB-GENE-040426-1600	NCBI_gene:4292	0.02	0.02	0.214285714286	0.2	0.07	0.065	0.470238095238	0.451690821256
ZFIN:ZDB-GENE-040426-1457	NCBI_gene:6473	0.02	0.02	0.148331499817	0.142857142857	0.0825	0.0775	0.266049901878	0.254684306155
ZFIN:ZDB-GENE-040426-1366	NCBI_gene:83706	0.02	0.02	0.26871657754	0.256363636364	0.135	0.13	0.545704969814	0.544791666667
ZFIN:ZDB-GENE-040426-1241	NCBI_gene:9197	0.02	0.02	0.150630252101	0.159090909091	0.145	0.145	0.222091400663	0.240422077922
ZFIN:ZDB-GENE-040426-1116	NCBI_gene:51119	0.02	0.02	0.187096774194	0.173913043478	0.245	0.24	0.544642857143	0.542929292929
ZFIN:ZDB-GENE-040426-1010	NCBI_gene:2521	0.02	0.02	0.05	0.0588235294118	0.08	0.08	0.332512315271	0.333333333333
ZFIN:ZDB-GENE-040409-1	NCBI_gene:3110	0.02	0.02	0.170454545455	0.158492822967	0.15	0.125	0.295090016367	0.263888888889
ZFIN:ZDB-GENE-040309-2	NCBI_gene:4618	0.02	0.02	0.0544802867384	0.0550505050505	0.0625	0.0575	0.184076286765	0.20418956044
ZFIN:ZDB-GENE-040303-4	NCBI_gene:7424	0.02	0.02	0.192307692308	0.217391304348	0.025	0.02	0.268767580872	0.292748273398
ZFIN:ZDB-GENE-040206-1	NCBI_gene:2273	0.02	0.02	0.230769230769	0.227272727273	0.135	0.135	0.513305322129	0.526348039216
ZFIN:ZDB-GENE-040123-1	NCBI_gene:1028	0.02	0.02	0.186813186813	0.173913043478	0.175	0.17	0.383333333333	0.384615384615
ZFIN:ZDB-GENE-031217-3	NCBI_gene:2700	0.02	0.02	0.169934640523	0.160714285714	0.125	0.12	0.417921527041	0.388596491228
ZFIN:ZDB-GENE-031118-55	NCBI_gene:3758	0.02	0.02	0.220588235294	0.2	0.085	0.085	0.415172166428	0.394117647059
ZFIN:ZDB-GENE-031118-121	NCBI_gene:2064	0.02	0.02	0.172413793103	0.178571428571	0.08	0.08	0.35816091954	0.333333333333
ZFIN:ZDB-GENE-031116-55	NCBI_gene:1824	0.02	0.02	0.18487394958	0.173913043478	0.175	0.175	0.420507927187	0.436274509804
ZFIN:ZDB-GENE-031112-7	NCBI_gene:324	0.02	0.02	0.159292035398	0.15625	0.14	0.135	0.413201663202	0.439655172414
ZFIN:ZDB-GENE-031014-1	NCBI_gene:4093	0.02	0.02	0.148514851485	0.127659574468	0.045	0.04	0.20343980344	0.192857142857
ZFIN:ZDB-GENE-030825-6	NCBI_gene:330	0.02	0.02	0.201680672269	0.214285714286	0.12	0.12	0.456221198157	0.439130434783
ZFIN:ZDB-GENE-030820-1	NCBI_gene:23095	0.02	0.02	0.175925925926	0.166666666667	0.145	0.145	0.367724413951	0.343253968254
ZFIN:ZDB-GENE-030724-6	NCBI_gene:166336	0.02	0.02	0.167815101924	0.142857142857	0.0625	0.0575	0.240039120636	0.230253623188
ZFIN:ZDB-GENE-030708-2	NCBI_gene:7547	0.02	0.02	0.147299903568	0.148936170213	0.13	0.1	0.359466019417	0.357789855072
ZFIN:ZDB-GENE-030516-3	NCBI_gene:80781	0.02	0.02	0.144580645161	0.128205128205	0.175	0.175	0.259790322581	0.25641025641
ZFIN:ZDB-GENE-030508-1	NCBI_gene:1406	0.02	0.02	0.0801282051282	0.0909090909091	0.155	0.1125	0.267313173852	0.28417989418
ZFIN:ZDB-GENE-030313-1	NCBI_gene:5913	0.02	0.02	0.177215189873	0.178571428571	0.11	0.095	0.449275362319	0.516666666667
ZFIN:ZDB-GENE-030131-977	NCBI_gene:22948	0.02	0.02	0.205479452055	0.181818181818	0.105	0.09	0.411036036036	0.386904761905
ZFIN:ZDB-GENE-030131-9187	NCBI_gene:10801	0.02	0.02	0.227272727273	0.240689655172	0.135	0.1325	0.382142857143	0.428218839984
ZFIN:ZDB-GENE-030131-9180	NCBI_gene:8867	0.02	0.02	0.206896551724	0.2	0.13	0.13	0.748479671484	0.710648148148
ZFIN:ZDB-GENE-030131-8631	NCBI_gene:6208	0.02	0.02	0.145631067961	0.120689655172	0.115	0.115	0.354007316262	0.305119047619
ZFIN:ZDB-GENE-030131-8369	NCBI_gene:226	0.02	0.02	0.155963302752	0.153846153846	0.095	0.09	0.354166666667	0.324561403509
ZFIN:ZDB-GENE-030131-8301	NCBI_gene:5795	0.02	0.01	0.131944444444	0.136363636364	0.065	0.04	0.250282326369	0.240542066629
ZFIN:ZDB-GENE-030131-8103	NCBI_gene:10133	0.02	0.02	0.15	0.148148148148	0.0925	0.0925	0.252529761905	0.276268115942
ZFIN:ZDB-GENE-030131-8003	NCBI_gene:51062	0.02	0.02	0.154639175258	0.146341463415	0.15	0.15	0.489893211289	0.456572061192
ZFIN:ZDB-GENE-030131-6665	NCBI_gene:1144	0.02	0.02	0.151515151515	0.139534883721	0.11	0.11	0.573122529644	0.55
ZFIN:ZDB-GENE-030131-6385	NCBI_gene:23394	0.02	0.02	0.202272727273	0.190476190476	0.11	0.11	0.418805803571	0.410416666667
ZFIN:ZDB-GENE-030131-5911	NCBI_gene:5781	0.02	0.02	0.180722891566	0.176470588235	0.165	0.165	0.446376811594	0.45
ZFIN:ZDB-GENE-030131-4631	NCBI_gene:7274	0.02	0.02	0.173913043478	0.2	0.085	0.085	0.380392156863	0.420634920635
ZFIN:ZDB-GENE-030131-4449	NCBI_gene:2108	0.02	0.02	0.148148148148	0.135135135135	0.175	0.1625	0.530234049712	0.480769230769
ZFIN:ZDB-GENE-030131-3776	NCBI_gene:5728	0.02	0.02	0.1875	0.185185185185	0.15	0.145	0.43938172043	0.413842710997
ZFIN:ZDB-GENE-030131-3264	NCBI_gene:55612	0.02	0.02	0.2	0.230769230769	0.155	0.15	0.396042557423	0.397058823529
ZFIN:ZDB-GENE-030131-3207	NCBI_gene:6873	0.02	0.02	0.210526315789	0.2	0.155	0.145	0.401785714286	0.408333333333
ZFIN:ZDB-GENE-030131-3165	NCBI_gene:5351	0.02	0.02	0.216216216216	0.285714285714	0.08	0.08	0.380555555556	0.444444444444
ZFIN:ZDB-GENE-030131-3161	NCBI_gene:4864	0.02	0.02	0.196721311475	0.181818181818	0.105	0.105	0.472530241935	0.506165099269
ZFIN:ZDB-GENE-030131-2921	NCBI_gene:1737	0.02	0.02	0.260869565217	0.227272727273	0.115	0.11	0.554171225951	0.51450001572
ZFIN:ZDB-GENE-030131-2887	NCBI_gene:55703	0.02	0.02	0.202702702703	0.183014354067	0.145	0.145	0.336108420455	0.326470588235
ZFIN:ZDB-GENE-030131-2702	NCBI_gene:7249	0.02	0.02	0.2	0.2	0.16	0.15	0.533483051029	0.53125
ZFIN:ZDB-GENE-030131-2656	NCBI_gene:65125	0.02	0.02	0.0686462324393	0.0766978922717	0.1	0.095	0.260982672458	0.248303934871
ZFIN:ZDB-GENE-030131-2415	NCBI_gene:857	0.02	0.02	0.177037241888	0.172413793103	0.135	0.13	0.509215167549	0.492117117117
ZFIN:ZDB-GENE-030131-2333	NCBI_gene:3074	0.02	0.02	0.209677419355	0.208333333333	0.135	0.13	0.487012987013	0.481060606061
ZFIN:ZDB-GENE-030131-2317	NCBI_gene:2130	0.02	0.02	0.228636363636	0.232051282051	0.08	0.05	0.46887254902	0.436507936508
ZFIN:ZDB-GENE-030131-1723	NCBI_gene:60684	0.02	0.02	0.189189189189	0.176470588235	0.1225	0.115	0.419377990431	0.414772727273
ZFIN:ZDB-GENE-030131-1033	NCBI_gene:375790	0.02	0.02	0.175	0.166666666667	0.15	0.1475	0.425408873227	0.416360294118
ZFIN:ZDB-GENE-030113-2	NCBI_gene:7273	0.02	0.02	0.152173913043	0.142857142857	0.155	0.155	0.503456698129	0.489701897019
ZFIN:ZDB-GENE-021223-1	NCBI_gene:1605	0.02	0.02	0.211764705882	0.217391304348	0.145	0.145	0.438395979021	0.441017316017
ZFIN:ZDB-GENE-021217-3	NCBI_gene:200894	0.02	0.02	0.163636363636	0.166666666667	0.13	0.12	0.313947876448	0.323529411765
ZFIN:ZDB-GENE-021115-9	NCBI_gene:1316	0.02	0.02	0.230769230769	0.238095238095	0.095	0.095	0.367325325509	0.336538461538
ZFIN:ZDB-GENE-021115-8	NCBI_gene:3735	0.02	0.02	0.205479452055	0.208333333333	0.08	0.08	0.314804147465	0.313909774436
ZFIN:ZDB-GENE-021031-4	NCBI_gene:8985	0.02	0.02	0.157894736842	0.147058823529	0.11	0.095	0.341168091168	0.339743589744
ZFIN:ZDB-GENE-020829-1	NCBI_gene:6492	0.02	0.02	0.164383561644	0.153846153846	0.115	0.115	0.377504429603	0.344444444444
ZFIN:ZDB-GENE-020809-1	NCBI_gene:6900	0.02	0.02	0.222222222222	0.217391304348	0.0575	0.0525	0.273727422003	0.246679316888
ZFIN:ZDB-GENE-020709-1	NCBI_gene:4647	0.02	0.02	0.102857142857	0.0869565217391	0.115	0.09	0.370192307692	0.379020979021
ZFIN:ZDB-GENE-020507-3	NCBI_gene:57216	0.02	0.02	0.16	0.151515151515	0.16	0.16	0.460770750988	0.464935064935
ZFIN:ZDB-GENE-020507-2	NCBI_gene:27130	0.02	0.02	0.126050420168	0.121212121212	0.175	0.175	0.490909090909	0.458980044346
ZFIN:ZDB-GENE-020503-2	NCBI_gene:3480	0.02	0.02	0.173076923077	0.166666666667	0.115	0.11	0.350444263163	0.360507246377
ZFIN:ZDB-GENE-020419-39	NCBI_gene:6491	0.02	0.02	0.197674418605	0.185185185185	0.1075	0.1075	0.517242301336	0.536199095023
ZFIN:ZDB-GENE-020220-1	NCBI_gene:351	0.02	0.02	0.197802197802	0.2	0.08	0.08	0.455163043478	0.430652680653
ZFIN:ZDB-GENE-020102-1	NCBI_gene:7852	0.02	0.02	0.194805194805	0.172413793103	0.14	0.13	0.364035087719	0.355731225296
ZFIN:ZDB-GENE-011220-2	NCBI_gene:8864	0.02	0.02	0.238095238095	0.217391304348	0.045	0.045	0.298041044776	0.28
ZFIN:ZDB-GENE-011207-1	NCBI_gene:6663	0.02	0.02	0.2	0.190476190476	0.1325	0.115	0.450802139037	0.425824175824
ZFIN:ZDB-GENE-010525-1	NCBI_gene:6521	0.02	0.02	0.153225806452	0.133333333333	0.115	0.11	0.40525606469	0.393518518519
ZFIN:ZDB-GENE-010426-1	NCBI_gene:1756	0.02	0.02	0.202898550725	0.192307692308	0.16	0.145	0.481818181818	0.494047619048
ZFIN:ZDB-GENE-010406-5	NCBI_gene:1719	0.02	0.02	0.189873417722	0.174442190669	0.095	0.095	0.369119947849	0.372368421053
ZFIN:ZDB-GENE-010226-1	NCBI_gene:2668	0.02	0.02	0.159574468085	0.166666666667	0.05	0.05	0.24244127936	0.245289855072
ZFIN:ZDB-GENE-001207-3	NCBI_gene:9915	0.02	0.02	0.13755733945	0.135135135135	0.1225	0.1225	0.365172413793	0.358333333333
ZFIN:ZDB-GENE-001205-1	NCBI_gene:1436	0.02	0.02	0.210526315789	0.181818181818	0.1	0.1	0.510219341974	0.457317073171
ZFIN:ZDB-GENE-001106-1	NCBI_gene:89780	0.02	0.02	0.175954592363	0.161290322581	0.1	0.095	0.324690920545	0.29237804878
ZFIN:ZDB-GENE-000622-1	NCBI_gene:2627	0.02	0.02	0.156385869565	0.148148148148	0.14	0.135	0.385167464115	0.382222222222
ZFIN:ZDB-GENE-000502-1	NCBI_gene:657	0.02	0.02	0.161126373626	0.15625	0.145	0.145	0.384061302682	0.402521008403
ZFIN:ZDB-GENE-000426-1	NCBI_gene:2335	0.02	0.02	0.127262623055	0.113636363636	0.1175	0.1075	0.323129251701	0.305766759477
ZFIN:ZDB-GENE-000403-1	NCBI_gene:8312	0.02	0.02	0.176470588235	0.175	0.135	0.135	0.400628306878	0.402834008097
ZFIN:ZDB-GENE-000329-5	NCBI_gene:4854	0.02	0.02	0.211267605634	0.2	0.135	0.13	0.524213836478	0.520833333333
ZFIN:ZDB-GENE-000223-14	NCBI_gene:401	0.02	0.02	0.209302325581	0.181818181818	0.05	0.05	0.276079734219	0.257575757576
ZFIN:ZDB-GENE-000210-19	NCBI_gene:5950	0.02	0.02	0.154905794525	0.170212765957	0.085	0.08	0.305262645599	0.305737327189
ZFIN:ZDB-GENE-000209-4	NCBI_gene:64221	0.02	0.02	0.0987654320988	0.114285714286	0.095	0.09	0.36828271028	0.367424242424
ZFIN:ZDB-GENE-000201-9	NCBI_gene:3730	0.02	0.02	0.178947368421	0.166666666667	0.09	0.09	0.416035353535	0.395238095238
ZFIN:ZDB-GENE-991213-1	NCBI_gene:64321	0.01	0.01	0.111111111111	0.121951219512	0.075	0.07	0.288109921938	0.301515151515
ZFIN:ZDB-GENE-991026-3	NCBI_gene:7299	0.01	0.01	0.148148148148	0.137931034483	0.05	0.045	0.292857142857	0.285714285714
ZFIN:ZDB-GENE-991008-6	NCBI_gene:3861	0.01	0.01	0.171184371184	0.129032258065	0.115	0.11	0.42406026777	0.424107142857
ZFIN:ZDB-GENE-990415-153	NCBI_gene:4193	0.01	0.01	0.166666666667	0.166666666667	0.07	0.07	0.39209310082	0.388392857143
ZFIN:ZDB-GENE-980526-72	NCBI_gene:5914	0.01	0.01	0.164383561644	0.162162162162	0.04	0.035	0.235609243697	0.248351648352
ZFIN:ZDB-GENE-980526-52	NCBI_gene:5077	0.01	0.01	0.157894736842	0.147058823529	0.11	0.11	0.342082402581	0.320512820513
ZFIN:ZDB-GENE-980526-476	NCBI_gene:2626	0.01	0.01	0.147058823529	0.142857142857	0.1025	0.1025	0.42913895048	0.406495726496
ZFIN:ZDB-GENE-980526-464	NCBI_gene:3815	0.01	0.01	0.1875	0.190476190476	0.09	0.09	0.379913451136	0.370535714286
ZFIN:ZDB-GENE-980526-16	NCBI_gene:1910	0.01	0.01	0.162162162162	0.15625	0.02	0.02	0.282679738562	0.285256410256
ZFIN:ZDB-GENE-091117-14	NCBI_gene:50506	0.01	0.01	0.210526315789	0.210526315789	0.03	0.03	0.289473684211	0.271929824561
ZFIN:ZDB-GENE-091012-1	NCBI_gene:6584	0.01	0.01	0.105263157895	0.0909090909091	0.045	0.04	0.204502262443	0.170418552036
ZFIN:ZDB-GENE-090303-6	NCBI_gene:23162	0.01	0.01	0.0290404040404	0.0378571428571	0.06	0.0525	0.183246611345	0.169523809524
ZFIN:ZDB-GENE-080929-1	NCBI_gene:57679	0.01	0.01	0.04	0.050641025641	0.115	0.115	0.179571334463	0.197222222222
ZFIN:ZDB-GENE-080320-2	NCBI_gene:785	0.01	0.01	0.0588235294118	0.0714285714286	0.055	0.0475	0.327913429523	0.316468253968
ZFIN:ZDB-GENE-080104-4	NCBI_gene:1441	0.01	0.01	0.119107433131	0.117647058824	0.085	0.085	0.26680816103	0.227843915344
ZFIN:ZDB-GENE-070912-689	NCBI_gene:1285	0.01	0.01	0.164383561644	0.142857142857	0.145	0.145	0.332488738739	0.311011904762
ZFIN:ZDB-GENE-070912-212	NCBI_gene:23314	0.01	0.01	0.0588235294118	0.0666666666667	0.05	0.045	0.29572036151	0.30303030303
ZFIN:ZDB-GENE-070820-10	NCBI_gene:3981	0.01	0.01	0.132231404959	0.125	0.12	0.12	0.259664089576	0.223214285714
ZFIN:ZDB-GENE-070718-4	NCBI_gene:4948	0.01	0.01	0.136363636364	0.121212121212	0.02	0.015	0.25006946374	0.252525252525
ZFIN:ZDB-GENE-070626-3	NCBI_gene:166379	0.01	0.01	0.102272727273	0.0869565217391	0.09	0.085	0.221861471861	0.200130052021
ZFIN:ZDB-GENE-070531-1	NCBI_gene:695	0.01	0.01	0.162162162162	0.147058823529	0.065	0.065	0.519305019305	0.487058823529
ZFIN:ZDB-GENE-070424-54	NCBI_gene:5800	0.01	0.01	0.0631578947368	0.0554417413572	0.115	0.115	0.227036390431	0.218661110479
ZFIN:ZDB-GENE-070424-1	NCBI_gene:4254	0.01	0.01	0.1875	0.181818181818	0.05	0.045	0.297513842746	0.293120155039
ZFIN:ZDB-GENE-070410-90	NCBI_gene:1649	0.01	0.01	0.0779220779221	0.0789473684211	0.01	0.01	0.0981715652768	0.0849282296651
ZFIN:ZDB-GENE-070410-84	NCBI_gene:27235	0.01	0.01	0.149626865672	0.137254901961	0.11	0.105	0.444909660667	0.385541333122
ZFIN:ZDB-GENE-070314-1	NCBI_gene:5915	0.01	0.01	0.141304347826	0.139543269231	0.135	0.13	0.416666666667	0.40625
ZFIN:ZDB-GENE-070129-1	NCBI_gene:3769	0.01	0.01	0.115384615385	0.102564102564	0.0525	0.0475	0.293836895621	0.268145647456
ZFIN:ZDB-GENE-070103-1	NCBI_gene:7450	0.01	0.01	0.176470588235	0.15	0.11	0.08	0.500378787879	0.510082442068
ZFIN:ZDB-GENE-061215-126	NCBI_gene:23400	0.01	0.01	0.0634920634921	0.0769230769231	0.06	0.055	0.294642857143	0.30303030303
ZFIN:ZDB-GENE-060929-712	NCBI_gene:200205	0.01	0.01	0.0722580645161	0.0824829931973	0.06	0.06	0.239316239316	0.210444027517
ZFIN:ZDB-GENE-060927-1	NCBI_gene:255738	0.01	0.01	0.0825688073394	0.0677966101695	0.02	0.02	0.10909491625	0.0885416666667
ZFIN:ZDB-GENE-060906-1	NCBI_gene:6326	0.01	0.01	0.206896551724	0.2	0.07	0.07	0.426515151515	0.437799043062
ZFIN:ZDB-GENE-060810-186	NCBI_gene:2671	0.01	0.01	0.189189189189	0.170833333333	0.07	0.065	0.389568764569	0.342986425339
ZFIN:ZDB-GENE-060526-14	NCBI_gene:118429	0.01	0.01	0.04	0.05	0.1125	0.11	0.303385069511	0.279220779221
ZFIN:ZDB-GENE-060503-715	NCBI_gene:261734	0.01	0.01	0.0833333333333	0.105263157895	0.11	0.11	0.308960833497	0.300406504065
ZFIN:ZDB-GENE-060322-1	NCBI_gene:8869	0.01	0.01	0.176470588235	0.161081081081	0.03	0.03	0.309210526316	0.277777777778
ZFIN:ZDB-GENE-051102-2	NCBI_gene:7827	0.01	0.01	0.108218886405	0.12	0.2	0.2	0.235643877736	0.222222222222
ZFIN:ZDB-GENE-050913-61	NCBI_gene:54820	0.01	0.01	0.151898734177	0.16	0.115	0.115	0.34	0.359772513124
ZFIN:ZDB-GENE-050809-23	NCBI_gene:56623	0.01	0.01	0.0714285714286	0.0769230769231	0.065	0.06	0.226442841287	0.209964012596
ZFIN:ZDB-GENE-050706-185	NCBI_gene:26058	0.01	0.01	0.24	0.2	0.065	0.065	0.386363636364	0.403846153846
ZFIN:ZDB-GENE-050522-503	NCBI_gene:2908	0.01	0.01	0.0289855072464	0.0357142857143	0.075	0.075	0.20160232651	0.196314102564
ZFIN:ZDB-GENE-050517-20	NCBI_gene:1080	0.01	0.01	0.0526315789474	0.0555555555556	0.075	0.07	0.310689310689	0.34188034188
ZFIN:ZDB-GENE-050417-383	NCBI_gene:6794	0.01	0.01	0.171428571429	0.161290322581	0.105	0.1	0.477027027027	0.467857142857
ZFIN:ZDB-GENE-050417-109	NCBI_gene:5071	0.01	0.01	0.147058823529	0.142857142857	0.1125	0.1075	0.304507992008	0.277083333333
ZFIN:ZDB-GENE-050306-18	NCBI_gene:3299	0.01	0.01	0.15	0.137931034483	0.115	0.1025	0.482402860343	0.449542124542
ZFIN:ZDB-GENE-050210-1	NCBI_gene:80207	0.01	0.01	0.158734602464	0.169540229885	0.11	0.11	0.400974025974	0.39880952381
ZFIN:ZDB-GENE-050208-492	NCBI_gene:8314	0.01	0.01	0.178571428571	0.188746438746	0.055	0.05	0.378506097561	0.414835164835
ZFIN:ZDB-GENE-050201-2	NCBI_gene:9094	0.01	0.01	0.140350877193	0.2	0.01	0.01	0.236842105263	0.322222222222
ZFIN:ZDB-GENE-050131-1	NCBI_gene:23385	0.01	0.01	0.3	0.285714285714	0.04	0.035	0.515151515152	0.542200854701
ZFIN:ZDB-GENE-050127-1	NCBI_gene:9247	0.01	0.01	0.157303370787	0.151515151515	0.08	0.08	0.300249169435	0.303571428571
ZFIN:ZDB-GENE-041219-2	NCBI_gene:84100	0.01	0.01	0.11004587156	0.114285714286	0.145	0.085	0.274436090226	0.282878411911
ZFIN:ZDB-GENE-041212-53	NCBI_gene:65018	0.01	0.01	0.176470588235	0.166666666667	0.08	0.075	0.357823129252	0.344720496894
ZFIN:ZDB-GENE-041114-75	NCBI_gene:1392	0.01	0.01	0.0122699386503	0.0147058823529	0.0725	0.0725	0.0680641821946	0.0726817042607
ZFIN:ZDB-GENE-041111-255	NCBI_gene:9780	0.01	0.01	0.116279069767	0.136363636364	0.195	0.195	0.566666666667	0.545977011494
ZFIN:ZDB-GENE-041111-226	NCBI_gene:9342	0.01	0.01	0.0444444444444	0.0625	0.16	0.16	0.294326241135	0.291666666667
ZFIN:ZDB-GENE-041014-1	NCBI_gene:4233	0.01	0.01	0.0294117647059	0.04	0.08	0.08	0.136363636364	0.167763157895
ZFIN:ZDB-GENE-040930-8	NCBI_gene:56683	0.01	0.01	0.189832689833	0.206896551724	0.12	0.12	0.418578242108	0.400641025641
ZFIN:ZDB-GENE-040912-168	NCBI_gene:2110	0.01	0.01	0.142857142857	0.135135135135	0.195	0.19	0.495184062685	0.4836523126
ZFIN:ZDB-GENE-040822-43	NCBI_gene:51185	0.01	0.01	0.175191815857	0.177927927928	0.035	0.035	0.255781427874	0.269705815018
ZFIN:ZDB-GENE-040822-24	NCBI_gene:2013	0.01	0.01	0.0555555555556	0.0666666666667	0.12	0.12	0.207957957958	0.225641025641
ZFIN:ZDB-GENE-040806-2	NCBI_gene:3972	0.01	0.01	0.422222222222	0.414285714286	0.05	0.05	0.544444444444	0.540476190476
ZFIN:ZDB-GENE-040801-95	NCBI_gene:549	0.01	0.01	0.0175438596491	0.0185185185185	0.12	0.12	0.171373555841	0.181673052363
ZFIN:ZDB-GENE-040801-47	NCBI_gene:203228	0.01	0.01	0.151260504202	0.147058823529	0.085	0.085	0.48987018096	0.477272727273
ZFIN:ZDB-GENE-040718-367	NCBI_gene:3394	0.01	0.01	0.142857142857	0.116279069767	0.115	0.115	0.265907305577	0.236111111111
ZFIN:ZDB-GENE-040718-10	NCBI_gene:5358	0.01	0.01	0.0949367088608	0.0892857142857	0.0175	0.015	0.296563192905	0.280303030303
ZFIN:ZDB-GENE-040428-1	NCBI_gene:5925	0.01	0.01	0.128375286041	0.121951219512	0.115	0.115	0.467312348668	0.471638655462
ZFIN:ZDB-GENE-040426-918	NCBI_gene:4026	0.01	0.01	0.164383561644	0.138888888889	0.07	0.06	0.229150579151	0.203448275862
ZFIN:ZDB-GENE-040426-900	NCBI_gene:7374	0.01	0.01	0.216783216783	0.190476190476	0.04	0.035	0.450300892301	0.405637254902
ZFIN:ZDB-GENE-040426-770	NCBI_gene:5589	0.01	0.01	0.15625	0.166666666667	0.105	0.105	0.470486111111	0.465277777778
ZFIN:ZDB-GENE-040426-2572	NCBI_gene:81790	0.01	0.01	0.0869565217391	0.1	0.02	0.02	0.313405797101	0.303846153846
ZFIN:ZDB-GENE-040426-2331	NCBI_gene:6683	0.01	0.01	0.0444444444444	0.0555555555556	0.0725	0.0725	0.25566893424	0.237001287001
ZFIN:ZDB-GENE-040426-2308	NCBI_gene:6495	0.01	0.01	0.154929577465	0.142857142857	0.1325	0.1325	0.326666666667	0.301032301032
ZFIN:ZDB-GENE-040426-2209	NCBI_gene:4070	0.01	0.01	0.131578947368	0.125	0.095	0.095	0.308041697692	0.287081339713
ZFIN:ZDB-GENE-040426-2173	NCBI_gene:5162	0.01	0.01	0.023625	0.0282738095238	0.035	0.0325	0.145001895506	0.132621741982
ZFIN:ZDB-GENE-040426-1960	NCBI_gene:10159	0.01	0.01	0.164835164835	0.15625	0.065	0.06	0.395426920768	0.34250132019
ZFIN:ZDB-GENE-040426-1957	NCBI_gene:51218	0.01	0.01	0.0425531914894	0.05	0.01	0.01	0.157640232108	0.161363636364
ZFIN:ZDB-GENE-040426-1892	NCBI_gene:161582	0.01	0.01	0.124038461538	0.123106060606	0.165	0.1575	0.333167016807	0.331818181818
ZFIN:ZDB-GENE-040426-1544	NCBI_gene:5194	0.01	0.01	0.0434782608696	0.0555555555556	0.045	0.045	0.0664835164835	0.0801282051282
ZFIN:ZDB-GENE-040426-1503	NCBI_gene:8833	0.01	0.01	0.0425531914894	0.05	0.045	0.045	0.0659501709819	0.0763157894737
ZFIN:ZDB-GENE-040426-1451	NCBI_gene:8323	0.01	0.01	0.123076923077	0.142857142857	0.02	0.02	0.211145510836	0.228448275862
ZFIN:ZDB-GENE-040426-1309	NCBI_gene:79577	0.01	0.01	0.0833333333333	0.111111111111	0.1075	0.105	0.199664918415	0.207956509217
ZFIN:ZDB-GENE-040426-1218	NCBI_gene:51364	0.01	0.01	0.125	0.133333333333	0.135	0.11	0.256991321119	0.283744038156
ZFIN:ZDB-GENE-031219-6	NCBI_gene:191	0.01	0.01	0.142857142857	0.135135135135	0.08	0.08	0.261344537815	0.24269005848
ZFIN:ZDB-GENE-031210-1	NCBI_gene:283652	0.01	0.01	0.16072709878	0.158947368421	0.1	0.1	0.38278654485	0.356889564336
ZFIN:ZDB-GENE-031202-2	NCBI_gene:4312	0.01	0.01	0.176470588235	0.225	0.09	0.09	0.266666666667	0.276688453159
ZFIN:ZDB-GENE-031027-1	NCBI_gene:238	0.01	0.01	0.222222222222	0.222222222222	0.045	0.045	0.353846153846	0.353846153846
ZFIN:ZDB-GENE-031007-5	NCBI_gene:208	0.01	0.01	0.210526315789	0.190476190476	0.05	0.045	0.387943391275	0.383333333333
ZFIN:ZDB-GENE-030909-1	NCBI_gene:6657	0.01	0.01	0.176470588235	0.181818181818	0.115	0.115	0.275119617225	0.275362318841
ZFIN:ZDB-GENE-030725-2	NCBI_gene:2688	0.01	0.01	0.0880680186132	0.0810810810811	0.045	0.0425	0.244791666667	0.244047619048
ZFIN:ZDB-GENE-030616-563	NCBI_gene:6908	0.01	0.01	0.0344827586207	0.0384615384615	0.065	0.065	0.168643515122	0.224175824176
ZFIN:ZDB-GENE-030616-358	NCBI_gene:85478	0.01	0.01	0.05	0.0588235294118	0.08	0.06	0.275468242449	0.299380060729
ZFIN:ZDB-GENE-030616-135	NCBI_gene:776	0.01	0.01	0.125213675214	0.125	0.0675	0.0625	0.363636363636	0.342105263158
ZFIN:ZDB-GENE-030521-13	NCBI_gene:1027	0.01	0.01	0.0327868852459	0.0416666666667	0.02	0.015	0.101299103	0.0977564102564
ZFIN:ZDB-GENE-030513-2	NCBI_gene:5443	0.01	0.01	0.021978021978	0.026334026334	0.0725	0.0725	0.0958333333333	0.0994674185464
ZFIN:ZDB-GENE-030323-1	NCBI_gene:2263	0.01	0.01	0.0588235294118	0.0701754385965	0.145	0.145	0.277521008403	0.262406947891
ZFIN:ZDB-GENE-030131-9790	NCBI_gene:26154	0.01	0.01	0.0640040962622	0.0833333333333	0.15	0.15	0.359696969697	0.367479674797
ZFIN:ZDB-GENE-030131-9512	NCBI_gene:11151	0.01	0.01	0.208333333333	0.2	0.09	0.085	0.423655292076	0.40404040404
ZFIN:ZDB-GENE-030131-8312	NCBI_gene:137492	0.01	0.01	0.375	0.357142857143	0.02	0.015	0.4375	0.428571428571
ZFIN:ZDB-GENE-030131-780	NCBI_gene:1013	0.01	0.01	0.148936170213	0.135135135135	0.02	0.02	0.364157119476	0.351965601966
ZFIN:ZDB-GENE-030131-6458	NCBI_gene:4593	0.01	0.01	0.111111111111	0.111111111111	0.1	0.1	0.374975012494	0.368333333333
ZFIN:ZDB-GENE-030131-6115	NCBI_gene:9210	0.01	0.01	0.16935483871	0.156862745098	0.2	0.195	0.357152012305	0.339015151515
ZFIN:ZDB-GENE-030131-5479	NCBI_gene:10483	0.01	0.01	0.157894736842	0.148936170213	0.175	0.155	0.502117362371	0.509548611111
ZFIN:ZDB-GENE-030131-441	NCBI_gene:83700	0.01	0.01	0.159090909091	0.147058823529	0.075	0.07	0.223710387472	0.235064935065
ZFIN:ZDB-GENE-030131-4218	NCBI_gene:57526	0.01	0.01	0.255813953488	0.235294117647	0.0525	0.0525	0.414285714286	0.384615384615
ZFIN:ZDB-GENE-030131-2453	NCBI_gene:7153	0.01	0.01	0.157894736842	0.142857142857	0.045	0.045	0.591741071429	0.571428571429
ZFIN:ZDB-GENE-030131-2168	NCBI_gene:344	0.01	0.01	0.146341463415	0.121212121212	0.01	0.01	0.195619711299	0.165869218501
ZFIN:ZDB-GENE-030114-9	NCBI_gene:5422	0.01	0.01	0.210526315789	0.208333333333	0.085	0.08	0.37601010101	0.408333333333
ZFIN:ZDB-GENE-021206-1	NCBI_gene:3329	0.01	0.01	0.195238095238	0.235294117647	0.06	0.06	0.397619047619	0.417647058824
ZFIN:ZDB-GENE-021115-1	NCBI_gene:4891	0.01	0.01	0.119642857143	0.137931034483	0.15	0.15	0.548387096774	0.565
ZFIN:ZDB-GENE-020806-5	NCBI_gene:2099	0.01	0.01	0.222222222222	0.222222222222	0.015	0.015	0.263157894737	0.322161172161
ZFIN:ZDB-GENE-020320-5	NCBI_gene:54756	0.01	0.01	0.230769230769	0.2	0.055	0.055	0.418831168831	0.386111111111
ZFIN:ZDB-GENE-010606-1	NCBI_gene:1001	0.01	0.01	0.158984706882	0.16	0.1425	0.1425	0.313397129187	0.335994397759
ZFIN:ZDB-GENE-001229-1	NCBI_gene:212	0.01	0.01	0.128205128205	0.128289473684	0.1975	0.1975	0.559125044045	0.525284900285
ZFIN:ZDB-GENE-001212-7	NCBI_gene:478	0.01	0.01	0.115395284327	0.117647058824	0.055	0.055	0.254378837125	0.241228070175
ZFIN:ZDB-GENE-001212-6	NCBI_gene:477	0.01	0.01	0.0714285714286	0.0909090909091	0.055	0.05	0.297472797473	0.291666666667
ZFIN:ZDB-GENE-000928-1	NCBI_gene:2235	0.01	0.01	0.14745470233	0.129032258065	0.17	0.165	0.463234694709	0.465277777778
ZFIN:ZDB-GENE-000828-1	NCBI_gene:6334	0.01	0.01	0.142857142857	0.133333333333	0.08	0.08	0.353725222146	0.339285714286
ZFIN:ZDB-GENE-000516-1	NCBI_gene:6468	0.01	0.01	0.182372505543	0.175735294118	0.0725	0.07	0.283652219385	0.26924001924
ZFIN:ZDB-GENE-000511-8	NCBI_gene:30061	0.01	0.01	0.114285714286	0.128289473684	0.05	0.05	0.262874882849	0.271765010352
ZFIN:ZDB-GENE-000330-9	NCBI_gene:5664	0.01	0.01	0.2	0.193548387097	0.105	0.105	0.42082111437	0.406593406593
ZFIN:ZDB-GENE-000208-18	NCBI_gene:7389	0.01	0.01	0.15625	0.137931034483	0.055	0.05	0.415455840456	0.400641025641
ZFIN:ZDB-GENE-060301-1	NCBI_gene:124093	0.005	0.005	0.0777777777778	0.0714285714286	0.025	0.02	0.412790697674	0.397058823529
ZFIN:ZDB-GENE-991117-1	NCBI_gene:2741	0.0	0.0	0.0	0.0	0.18	0.18	0.343596059113	0.354166666667
ZFIN:ZDB-GENE-990621-7	NCBI_gene:10655	0.0	0.0	0.0	0.0	0.08	0.075	0.188775510204	0.210144927536
ZFIN:ZDB-GENE-990415-35	NCBI_gene:718	0.0	0.0	0.0	0.0	0.02	0.0175	0.276175213675	0.272817460317
ZFIN:ZDB-GENE-990415-258	NCBI_gene:6647	0.0	0.0	0.0	0.0	0.075	0.075	0.111111111111	0.133333333333
ZFIN:ZDB-GENE-990415-172	NCBI_gene:4760	0.0	0.0	0.0	0.0	0.015	0.015	0.0384615384615	0.0384615384615
ZFIN:ZDB-GENE-980526-110	NCBI_gene:3630	0.0	0.0	0.0	0.0	0.07	0.07	0.107142857143	0.136363636364
ZFIN:ZDB-GENE-980526-104	NCBI_gene:3371	0.0	0.0	0.0	0.0	0.0	0.0	0.0	0.0
ZFIN:ZDB-GENE-100805-1	NCBI_gene:107	0.0	0.0	0.0	0.0	0.03	0.0275	0.0834655385158	0.0775675675676
ZFIN:ZDB-GENE-100107-1	NCBI_gene:2658	0.0	0.0	0.0	0.0	0.015	0.01	0.133928571429	0.12962962963
ZFIN:ZDB-GENE-090915-1	NCBI_gene:6513	0.0	0.0	0.0	0.0	0.025	0.025	0.0444664031621	0.0513157894737
ZFIN:ZDB-GENE-081104-470	NCBI_gene:111	0.0	0.0	0.0	0.0	0.0	0.0	0.0	0.0
ZFIN:ZDB-GENE-070618-2	NCBI_gene:659	0.0	0.0	0.0	0.0	0.1575	0.1575	0.356888133921	0.337152777778
ZFIN:ZDB-GENE-060503-719	NCBI_gene:79977	0.0	0.0	0.0	0.0	0.045	0.04	0.162162162162	0.142857142857
ZFIN:ZDB-GENE-060503-416	NCBI_gene:246213	0.0	0.0	0.0	0.0	0.04	0.04	0.0860037076271	0.0855555555556
ZFIN:ZDB-GENE-060428-1	NCBI_gene:22954	0.0	0.0	0.0	0.0	0.05	0.03	0.15	0.186147186147
ZFIN:ZDB-GENE-050522-328	NCBI_gene:51715	0.0	0.0	0.0	0.0	0.095	0.095	0.128571428571	0.145161290323
ZFIN:ZDB-GENE-050407-3	NCBI_gene:8929	0.0	0.0	0.0	0.0	0.0375	0.0375	0.216666666667	0.220289855072
ZFIN:ZDB-GENE-050106-1	NCBI_gene:8989	0.0	0.0	0.0	0.0	0.0	0.0	0.0	0.0
ZFIN:ZDB-GENE-050102-2	NCBI_gene:369	0.0	0.0	0.0	0.0	0.0	0.0	0.0	0.0
ZFIN:ZDB-GENE-041203-2	NCBI_gene:93986	0.0	0.0	0.0	0.0	0.0	0.0	0.0	0.0
ZFIN:ZDB-GENE-041111-162	NCBI_gene:2737	0.0	0.0	0.0	0.0	0.1	0.1	0.431944444444	0.437626262626
ZFIN:ZDB-GENE-040927-19	NCBI_gene:6191	0.0	0.0	0.0	0.0	0.0	0.0	0.0	0.0
ZFIN:ZDB-GENE-040827-4	NCBI_gene:5311	0.0	0.0	0.0	0.0	0.135	0.13	0.177503559563	0.209856915739
ZFIN:ZDB-GENE-040827-3	NCBI_gene:23451	0.0	0.0	0.0	0.0	0.02	0.02	0.270560556465	0.267178362573
ZFIN:ZDB-GENE-040718-90	NCBI_gene:80776	0.0	0.0	0.0	0.0	0.025	0.025	0.103556910569	0.110197368421
ZFIN:ZDB-GENE-040426-2932	NCBI_gene:4436	0.0	0.0	0.0	0.0	0.055	0.055	0.253787878788	0.239583333333
ZFIN:ZDB-GENE-040426-2286	NCBI_gene:5888	0.0	0.0	0.0	0.0	0.0	0.0	0.0	0.0
ZFIN:ZDB-GENE-040426-1615	NCBI_gene:6620	0.0	0.0	0.0	0.0	0.07	0.07	0.0833333333333	0.1
ZFIN:ZDB-GENE-040426-1565	NCBI_gene:2182	0.0	0.0	0.0	0.0	0.02	0.02	0.336956521739	0.35
ZFIN:ZDB-GENE-040426-1380	NCBI_gene:1536	0.0	0.0	0.0	0.0	0.1	0.1	0.166666666667	0.166666666667
ZFIN:ZDB-GENE-040426-1119	NCBI_gene:1174	0.0	0.0	0.0	0.0	0.08	0.08	0.320964452214	0.334464555053
ZFIN:ZDB-GENE-040426-1069	NCBI_gene:1147	0.0	0.0	0.0	0.0	0.03	0.025	0.131430584919	0.141774891775
ZFIN:ZDB-GENE-040303-2	NCBI_gene:23509	0.0	0.0	0.0	0.0	0.0	0.0	0.0	0.0
ZFIN:ZDB-GENE-040219-3	NCBI_gene:4615	0.0	0.0	0.0	0.0	0.08	0.0725	0.201633986928	0.201633986928
ZFIN:ZDB-GENE-031219-5	NCBI_gene:760	0.0	0.0	0.0	0.0	0.035	0.035	0.161940298507	0.158695652174
ZFIN:ZDB-GENE-031006-6	NCBI_gene:653361	0.0	0.0	0.0	0.0	0.1	0.1	0.166666666667	0.166666666667
ZFIN:ZDB-GENE-030318-3	NCBI_gene:4646	0.0	0.0	0.0	0.0	0.015	0.015	0.0175438596491	0.0217391304348
ZFIN:ZDB-GENE-030131-9889	NCBI_gene:7373	0.0	0.0	0.0	0.0	0.04	0.04	0.15873015873	0.166666666667
ZFIN:ZDB-GENE-030131-9460	NCBI_gene:8288	0.0	0.0	0.0	0.0	0.0	0.0	0.0	0.0
ZFIN:ZDB-GENE-030131-9443	NCBI_gene:6674	0.0	0.0	0.0	0.0	0.05	0.0425	0.213045634921	0.186813186813
ZFIN:ZDB-GENE-030131-8229	NCBI_gene:6005	0.0	0.0	0.0	0.0	0.0625	0.0575	0.155572646736	0.134895297464
ZFIN:ZDB-GENE-030131-7190	NCBI_gene:4204	0.0	0.0	0.0	0.0	0.105	0.105	0.166666666667	0.166666666667
ZFIN:ZDB-GENE-030131-695	NCBI_gene:4640	0.0	0.0	0.0	0.0	0.025	0.025	0.0310336595846	0.0375
ZFIN:ZDB-GENE-030131-6896	NCBI_gene:51574	0.0	0.0	0.0	0.0	0.065	0.065	0.21469289442	0.211300309598
ZFIN:ZDB-GENE-030131-6598	NCBI_gene:51360	0.0	0.0	0.0	0.0	0.015	0.015	0.1	0.1
ZFIN:ZDB-GENE-030131-428	NCBI_gene:5108	0.0	0.0	0.0	0.0	0.025	0.02	0.122448979592	0.111111111111
ZFIN:ZDB-GENE-030131-3445	NCBI_gene:23405	0.0	0.0	0.0	0.0	0.065	0.065	0.29715357638	0.289100985222
ZFIN:ZDB-GENE-030131-2773	NCBI_gene:51592	0.0	0.0	0.0	0.0	0.01	0.01	0.116279069767	0.130434782609
ZFIN:ZDB-GENE-030131-2348	NCBI_gene:9217	0.0	0.0	0.0	0.0	0.08	0.08	0.164743589744	0.177521008403
ZFIN:ZDB-GENE-030131-1229	NCBI_gene:72	0.0	0.0	0.0	0.0	0.115	0.115	0.223135964912	0.236341991342
ZFIN:ZDB-GENE-020905-3	NCBI_gene:2956	0.0	0.0	0.0	0.0	0.055	0.055	0.253787878788	0.25
